Domains,ML Tasks,All ML Systems,Datasets
Vision,"Object detection,Image classification,Image segmentation,Video classification,Object recognition,Character recognition,Image completion,Image super-resolution,Digit recognition,Image captioning,Video description,Visual question answering,Vision-language generation,Corner detection,Face verification,Face detection,Pose estimation,Person re-identification,Person retrieval,Semantic segmentation,Zero-shot image classification,Image representation,Visual puzzles,Neural architecture search for computer vision,Image clustering,Face recognition,Image embedding,Pattern recognition,Miscellaneous image analysis,Document classification,Cell segmentation,Image-to-video","Segment Anything Model,CapsNet (MultiMNIST),Big-Little Net (vision),Hopfield Networks (2020),Attend-Infer-Repeat,Diffractive Deep Neural Network,Super-vector coding,Perceptron (1960),Adversarial Joint Adaptation Network (ResNet),Binarized Neural Network (MNIST),DETR,RBM Image Classifier,ViT-G (model soup),ViT-G/14 (LiT),BASIC-L + Lion,BASIC-L,Spatially-Sparse CNN,Fractional Max-Pooling,PyramidNet,OR-WideResNet,LaNet-L (CIFAR-10),SimpleNet,CoAtNet,PaLI,CoCa,ResNet-200,Low-Cost Collaborative Network,ResNet-50 Billion-scale,SPPNet,Fisher Vector image classifier,PolyNet,Domain Adaptation,ResNet-152 (ImageNet),Decoupled weight decay regularization,Fisher Kernel GMM,Big-Little Net,EfficientNetV2-XL,Unsupervised High-level Feature Learner,ReLU (NORB),ResNet-110 (CIFAR-10),Meta Pseudo Labels,Prototypical networks,Inceptionv4,YOLOv2,GoogLeNet / InceptionV1,Dimensionality Reduction,Deep Belief Nets,MnasNet-A1 + SSDLite,6-layer MLP (MNIST),Inception v3,Decision tree (classification),Dropout (MNIST),Big Transfer (BiT-L),ResNeXt-101 32x48d,CapsNet (MNIST),Neocognitron,LeNet-5,ResNet-1001,NASNet-A,CNN Best Practices,AmoebaNet-A (F=190),EfficientDet,Statistical Shape Constellations,ADAM (CIFAR-10),FixRes ResNeXt-101 WSL,Cutout-regularized net,RetinaNet-R50,DenseNet-264,Wide Residual Network,Noisy Student (L2),EfficientNet-L2,AmoebaNet-A (F=448),MSRA (C, PReLU),GPipe (Amoeba),System 11,SqueezeNet,Dropout (ImageNet),Inception-ResNet-V2,PNAS-net,ProgressiveGAN,Feedforward NN,Maxout Networks,YOLO,MCDNN (MNIST),BLSTM for handwriting (2),AlexNet,ResNeXt-101 Billion-scale,SENet (ImageNet),MnasNet-A3,ResNeXt-50,ReLU (LFW),Dropout (CIFAR),Sequence-based pattern recognition,RetinaNet-R101,Zip CNN,LIRA,Xception,Refined Part Pooling,ShuffleNet v1,SimCLR,Image generation,TFE SVM,SimCLRv2,Transformer local-attention (NesT-B),JFT,Elastic weight consolidation,Selective Search,MS-CNN,RefineNet,DeepLabV3,Rotation,Stacked hourglass network,CRF-RNN,Multi-scale Dilated CNN,GAN-Advancer,Fast R-CNN,Mask R-CNN,Probabilistic modeling for object recognition,iGPT-XL,ResNet-152 + ObjectNet,PSPNet,DeepLab,RCAN,OverFeat,Multi-task Cascaded CNN,ESRGAN,Perceptron for Large Margin Classification,R-FCN,YOLOv3,Faster R-CNN,Residual Dense Network,ADALINE,DeepLab (2017),iGPT-L,Deeply-recursive ConvNet,Pattern recognition and reading by machine,EDSR,BigBiGAN,Deeply-supervised nets,SRGAN,R-CNN (T-net),Support Vector Machines,Fully Convolutional Networks,AMDIM,CPC v2,Convolutional Pose Machines,DeepLabV3+,Florence,data2vec (vision),Local Binary Patterns for facial recognition,SVM for face detection,Sparse digit recognition SVM,BLSTM for handwriting (1),DeepFace,Symmetric Residual Encoder-Decoder Net,DnCNN,MoCo,DANet,Deconvolutional Network,NASv3 (CIFAR-10),Optimized Multi-Scale Edge Detection,ViT-Base/32,ShuffleNet v2,StarGAN v2,ViT-G/14,Denoising Diffusion Probabilistic Models (LSUN Bedroom),MobileNet,SEER,ConvNet similarity metric,VGG16,ViT-Huge/14,Image-to-image cGAN,Cascaded LNet-ANet,VGG19,MobileNetV2,Conv-DBN,PNASNet-5,AlphaX-1,Histograms of Oriented Gradients,Visualizing CNNs,Textual Imager,Self-Attention and Convolutional Layers,ResNet-RS,Fisher-Boost,Diabetic Retinopathy Detection Net,Once for All,Cube-Space AutoEncoder,Sparse coding model for V1 receptive fields,Network in Network,Mid-level Features,Optimized Single-layer Net,Mitosis,Spatial Pyramid Matching,Max-Margin Markov Networks,ProxylessNAS,LRSO-GAN,Unsupervised Scale-Invariant Learning,Graph-based structural reasoning,GPU implementation of neural networks,Multiscale deformable part model,Internal functionality of visual invariants,Sparse Energy-Based Model,Bayesian object categorizer,Neuro-Symbolic Concept Learner,AlexNet + coordinating filters,TrOCR,Kosmos-2,DINOv2,CLIP ViT-H/14 - LAION-2B,RQ-Transformer (1.4B params ImageNet dataset),RQ-Transformer (3.8B params ImageNet dataset),Detic,LLaVA,LLaVA 1.5,LLaVA-NeXT-34B (LLaVA-1.6),CogVLM-17B,ViT + DINO,YOLOX-X,mPLUG-Owl2,BLIP-2 (Q-Former),ViT-22B,Swin Transformer V2 (SwinV2-G),SPHINX (Llama 2 13B),Emu1 (BAAI),InternImage,DALL-E mini,EVA-01,Claude 3 Sonnet,Claude 3 Opus,QT-Opt,Mobile V-MoEs,DeiT-B,Masked Autoencoders ViT-H,CogAgent,Credibilty Network,Invariant image recognition,Print Recognition Logic,Order-Embeddings of Images and Language,Order embeddings with layer norm,Dropout: SVHN,OneLLM,Gemini 1.0 Pro,Gemini 1.0 Ultra,Gemini Nano-2,Gemini Nano-1,Qwen-VL-Max,GPT-4 Turbo,GPT-4V,Reka Core,Reka Flash,LLaVA + LVIS-INSTRUCT4V,Xinghan Foundation Model,Grok-1.5V,MM1-30B,GroundingGPT,OmniVec,OtterHD-8B,ChatGLM3-6B,Fuyu-8B,Ferret (13B),InternLM-XComposer,DreamLLM,Qwen-VL,IDEFICS-80B,Pangu 3.0,Honghu Graphic,PaLI-X,ONE-PEACE,InstructBLIP,ImageBind,Otter,GPT-4,Flan T5-XXL + BLIP-2,AltCLIP_M9,BEIT-3,Unified-IO (XL),MetaLM,LiMoE,Flamingo,BaGuaLu,NÜWA,Cloob,M6-10T,Zidong Taichu,ALIGN,Wu Dao 2.0,M6-T,Wu Dao - Wen Lan,M6-10B,M6-100B,CLIP (ViT L/14@336px),CLIP (ResNet-50),Perceiver IO (optical flow),Handwritten Digit Recognition System,Konan LLM 13B,Konan LLM 41B,Piecewise linear model,Gemini 1.5 Flash,BITTERS,EXAONE 1.0,MLP baggage detector,Chameleon-34B,FragLlama: Next-fragment prediction for molecular design,tsuzumi 7B upgrade 2024,DistBelief Vision,Recursive Neural Network,GPT-4o,Mono3D++,SexNet compression,SexNet classification,ISR network,UniPi,Boosting,MiniGPT4 + LRV-Instruction,MiniGPT4 (Vicuna finetune),Xiaoice,ANN Eye Tracker,MUSIC perceptron,ERNIE-ViLG,SC-NLM,JPMAX,Mixture of linear models,LISSOM,Siamese-TDNN,Highway Network,GELU for CIFAR-10,SOM-CNN,GLM-4V-9B,DeViSE,PoE MNIST,Invariant CNN,LMICA,Volcano 13B,Vision-based obstacle avoidance system (2005),Monocular Depth Prediction,Sparse Vision Encoding,AdaBoost.M2 Digit Recognition,SSD,GPT-4o mini,Synergistic Face Detector,Hybrid CNN/SVM Object Categorizer,ConvNet Processor,Long-Range Autonomous Off-Road Driving System,OpenVLA,Engine-XL(NE),Engine-Base (NE),Engine-Medium(NE),Claude 3.5 Sonnet,Deep rectifier networks,Grok-2 mini,Grok-2,EXAONE 2.0,BatchNorm,PaLM-E,Photo-Geometric Autoencoder,VISTA-2D,Qwen2-VL-72B,Qwen2-VL-2B,Qwen2-VL-7B,BiomedGPT (182M),LMS,YOLOv8 (reCAPTCHA fine-tuned),YOLOv8x,YOLOv9-E,YOLOv10-X,Deep Autoencoders,Two Stage Feature Extraction (MNIST),LCNP LabelMe,LCNP MNIST,LCNP NORB,Llama 3.2 11B,Llama 3.2 90B,Graph-based Semi-Supervised Learning (GSSL) Model on MNIST,DNN EM segmentation,CNN Committee (NIST),CNN Committee (MNIST),High Performance CNN,Pooling CNN (Caltech 101),Pooling CNN (NORB),iCCCP,Hierarchical Scene Labeling,CNN committee (traffic sign),Veo,SVM-CNN,phi-3.5-Vision,Segment Anything Model 2,Stable Video 3D (SV3D),Stable Video 4D (SV4D),Med-Gemini-M 1.5,Med-Gemini-2D,Med-Gemini-3D,OmniParser: Interactable Region Detection Model,OmniParser: Icon Description Model,π0 (pi-zero),PaliGemma,Belle VL,3-ensemble of Self-ensembles on CIFAR-100,SigLIP 400M,SigLiT,Pixtral 12B,NVLM-D 72B,NVLM-H 72B,Molmo 72B,Janus 1.3B,MindEye2,MiniCPM-V 2.6,MobileCLIP-B (LT),improved U-Net for chest X-ray images segmentation,Gemini 1.0 Pro Vision,U-Net,VQ-VAE,ColPali,DL scaling Image,SeedEdit,RFM-1,DigiRL,CMS-RCNN,CompACT-Deep,GAWWN,LRR-4X,Doubao Image-to-Image generation model,NVLM-X 72B,EnhanceNet,ResNet-101 (ImageNet),HR-ResNet101,NPD,ACF-WIDER,VGG-Face,Template Adaptation
,DCNN,Deep CNN + COTS,CFSS,3DDFA,DAC-CSR,CCL,3DMM-CNN,DLDL (PASCAL),Gemini 2.0 Flash,EVA-CLIP (EVA-02-CLIP-E/14+)																											,Flexi-JEST++,JEST++,Florence-2-B (base),Florence-2-L (large),Gemini 1.5 Flash 8B,Sora,HiPPO-LegS,Idefics2,IDEFICS-9B,Sora Turbo,MiniMax Video-01,Hailuo I2V-01-Live,Palmyra Vision,Cosmos-1.0-
Diffusion-14B Video2World,TA-CNN,DTN (Domain Transfer Network),SAF R-CNN,Janus-Pro-1B,Janus-Pro-7B,SigLIP,Step-1.5V,Gemini 2.0 Pro,Hunyuan3D 2.0,InternViT-6B, InternVL,InternVL1.5,Yi Vision,Yi-VL-34B,NVILA 15B,NVILA 8B,Grok-3,Claude 3.7 Sonnet,Phi-4-Multimodal,GPT-4.5,Gemini 2.0 Flash Thinking,Kling 1.5 Pro,Goku-8B,OmniHuman-1,Gemma 3 4B,Gemma 3 12B,Gemma 3 27B,Gemini Robotics,Computer-Using Agent (CUA),Kimi k1.5,Gemini 2.5 Pro,QVQ,QVQ-Max,PixelCNN,YOLOv11,Midjourney V7,o4-mini,o3,GPT-4.1 nano,GPT-4.1 mini,GPT-4.1,Amazon Nova Reel,Derm Foundational Model,Big Transfer (BiT-M),PaliGemma 3B Mix 224,PaliGemma 3B Mix 448,OpenPhenom-S/16,EfficientNet-B1,CXR Foundation,ELIXR-C,ELIXR-B,Ovis1.6-Gemma2-27B,Ovis1.6-Gemma2-9B,Restricted Boltzmann machine for Face Recognition,Granite Vision 3.2 2B,SILC-S* (86M),SILC-S,WeituAI 1.0,Yiye Qingzhou-0.7B,Yiye Qingzhou,Yiye Qingzhou-45B,Typhoon2-Vision ,Kling 2.0 Video Generation,Gen-4,Gen-3 Alpha Turbo,Gen-4 Turbo,Gen-3 Alpha,Hailuo I2V-01-Director,Pika 2.2,Mistral Medium 3,Goku+,Kling 1.6 Pro,Wan 2.1 14B,Vidu 1.5,Firefly Video,Movie Gen Video,PixelDance,Luma Dream Machine,Kling,Lumiere,VideoCrafter2,Emu3,OutfitAnyone,Gemini Robotics-ER,GR00T N1,Eagle 2,HiDream Foundation Model 3.0,HiDream Foundation Model 1.0,Claude Opus 4,Claude Sonnet 4,MiniMax-VL-01,LLaVA-OV-72B,Llama 4 Behemoth (preview),Ovis-7B,Llama 4 Scout,Llama 4 Maverick,Veo 3,Veo 2,ERNIE 4.5 (文心大模型4.5),ManiGaussian,π0.5 (pi-0.5),Eagle 2.5,H-optimus-0,Qwen2.5-VL-72B, Qwen2.5-VL-7B , Qwen2.5-VL-3B,Gemini 2.5 Flash,Kosmos-2.5,Pix2Struct-Large,Kosmos-1,Cambrian-1-34B,Oryx 34B,xGen-MM (BLIP-3),LLaVA-CoT,Baichuan-Omni,LINGO-2,Fuyu-Heavy,OmniFusion-7B (InternViT-6B-448px V1-2),Amazon Nova Lite,Amazon Nova Pro,Amazon Nova Canvas,SenseChat-Vision V4,SenseChat-Medical V4,SenseNova V6,InternVL2_5-78B,InternVL2_5-38B,InternVL2_5-26B,GAIA-2,GAIA-1,Emu2,X-Portrait,LLaVA-OV-7B,JEST-L++,Multitask Unified Model (MUM),CHIEF,Gemini 2.0 Flash-Lite,Amazon Nova Premier","ImageNet, Segment Anything 1B, ImageNet-1k, Instagram, CIFAR-10, COCO 2017, COYO-700M, VQAv2, JFT, ALIGN, JFT-3B, JFT-4B, JFT-300M, ImageNet21k, COCO-Stuff, Cityscapes, OKVQA, OCR-VQA, TextVQA, ScienceQA, LLaVA-Instruct-150k, LRV-Instruction, LLaVAR, RefCOCO, Visual7W, VisualGenome, TextCaps, CIFAR-100, ADE20K, FLD-900M, COCO, Conceptual Captions (CC3M), Conceptual Captions 12M (CC12M), ILSVRC 2012 subset of ImageNet, ILSVRC 2014 subset of ImageNet, M6-Corpus, Instagram-1B, CelebA, AFHQ, CEDAR CDROM-1, LLaVA-Pretrain-595k, SVHN (Street View House Numbers), MNIST, IAM Online Handwriting Database (IAM-OnDB), ShutterStock, LAION-400M, KITTI, SBU, LAION-COCO, MMC4 / Multimodal C4, BLIP-LAION, LSUN Church, FIT400M, NISTP, NORB, LAION-2B, VisualNews, MultiModal MassiveWeb, LTIP, LVIS, YFCC-100M, Slake-VQA, Path-VQA, ROCO (Radiology Objects in COntext), PAD-UFES-20, MIMIC-CXR, CXR-US2, PubMed Central, WebLI, PixMo, ShareGPT4V, DataCompDR-1B, NIH Chest X-ray Dataset, JSRT Dataset, Montgomery County (MC) Dataset, FLD-5B, P-MNIST, OBELICS, OCR-IDL, PDFA, Public Multimodal Dataset (PMD), Office-31, IG-1B-Targeted, Web CapFilt, NoCaps, VizWiz, AutoFlow, DIV2K, Flickr2K, OutdoorSceneTraining (OST), Market-1501, Wukong, GRIT, Cambrian-7M, Cambrian-10M,  Cambrian-737K, BLIP3-OCR-200M, BLIP3-GROUNDING-50M, DataComp-1B, Visual Genome (VG), Llava-CoT-100K, DreamLIP, InternVL-SA-1B-Caption, CapsFusion-120M, The Cauldron, ArXivQA, TGDoc, LLaVA-OneVision, Multimodal Self-Instruct"
Speech,"Speech synthesis,Speech recognition,Voice identification,Text-to-speech,Audio question answering,Speech-to-text","Whisper,data2vec (speech),BigSSL,wave2vec 2.0 LARGE,WaveNet,DeepSpeech2 (English),PreTrans-3L-250H,DBLSTM,Dropout (TIMIT),KN5 LM + RNN 400/10 (WSJ),RNN 500/10 + RT09 LM (NIST RT05),CTC-Trained LSTM,BiLSTM for Speech,RNN for speech,Bidirectional RNN,Fuzzy NN,NetTalk (transcription),NetTalk (dictionary),W2v-BERT,Conformer + Wav2vec 2.0 + Noisy Student,ContextNet + Noisy Student,Conformer,ContextNet,Transformer - LibriVox + Decoding/Rescoring,RNN-WER,Mamba-24M (SC09),STT Conformer-Transducer XL,VALL-E,Big-Little Net (speech),VALL-E X,Time-delay neural networks,Listen, Attend and Spell,PDP model for serial order,Whisper v2,SeamlessM4T,Statistical continuous speech recognizer,MMS-1B,Qwen-Audio-Chat,Tacotron 2,Whisper v3,HuBERT,Voice Engine,GroundingGPT,OmniVec,ONE-PEACE,ImageBind,Zidong Taichu,Speaker-independent vowel classification,MLN-ASR,A.X (Adot) 39B,A.X (Adot) 18B,A.X (Adot) 7B,LTE speaker verification system,DistBelief Speech,GPT-4o,MultiBand Diffusion,Weight Decay,Audioseal,Multilingual DNN,ReLU-Speech,tts-1,tts-1-hd,NETtalk reimplementation,RNN 1000/5 + RT09 LM (NIST RT05),top-down frozen classifier,Belle-whisper-larger-v3-turbo-zh ,Tacotron,Suno Bark Model,BP-DBN,Universal-1,DL scaling speech,BaiLing TTS,FastSpeech,FastSpeech 2, TC-DNN-BLSTM-DNN,MS-ensemble-speech-recognition,Doubao Text-to-Speech Model,Doubao Voice Cloning Model,Doubao Speech Recognition Model,Doubao Real-Time translation model,Gemini 2.0 Flash,F5-TTS,LF-MMI,Segmental RNN,Phi-4-Multimodal,SauTech,Gemini Robotics,Gemini 2.5 Pro,OuteTTS-0.1-350M,Yiye Qingzhou-0.7B,Yiye Qingzhou,Yiye Qingzhou-45B,Typhoon2-Audio,E2 TTS,Universal-2-TF,Nova-2,Nova-3,SaudiTech,Gemini Robotics-ER,Amazon Nova Sonic,Chirp,Parakeet ASR,Gemini 2.5 Flash,Baichuan-Omni,Shishuo,SeedLLM,HAM-TTS","LibriSpeech, LibriLight, Switchboard, Fisher, LibriVox, TIMIT, Common Voice, DNS, VoxPopuli, SC09, WSJ, LJSpeech, Emilia, LibriHeavy"
Games,"Chess,Shogi,Go,Checkers,Backgammon,Tic Tac Toe,Hide and seek,Capture the flag,DOTA,Atari,Poker,Blackjack,Hanabi,Maze solving,Open ended play,Diplomacy,Dota 2,StarCraft,Ms. Pac-Man,Stratego,Pokemon battles,Doom,Game of 24 (24 puzzle)","CICERO,GOAT,Rational DQN Average,EfficientZero,Student of Games,Agent57,CURL,Go-explore,AlphaStar,OpenAI Five,OpenAI Five Rerun,FTW,MuZero,Hide and Seek,Hanabi 4 player,Pluribus,IMPALA,Population-based DRL,AlphaGo Zero,AlphaGo Master,AlphaZero,Libratus,OpenAI TI7 DOTA 1v1,DeepStack,HRA,NoisyNet-Dueling,AlphaGo Lee,A3C FF hs,AlphaGo Fan,DQN-2015,Advantage Learning,HyperNEAT,SmooCT,DQN,Bayesian Starcraft,TD-Gammon,Adaptive Broom Balancer,Punish/Reward,GLEE,BOXES,Samuel Neural Checkers II,MENACE,Samuel Neural Checkers,KataGo,Adaptive Agent,DeepNash,Elastic weight consolidation,Q-learning,Diplodocus,Distilled Grandmaster,Deep Blue,SIMA,Genie,POKE´LLMON,Gato,NeuroChess,TRPO,Diamond,GameNGen,Genie 2,Intelligent Go-Explore (IGE),DreamerV3",XLand
Recommendation,"Recommender system,Movie ratings,Collaborative filtering,Click-through rate prediction","DLRM-2022,DLRM-2021,DLRM-2020,NeuMF (Pinterest),Wide & Deep,Youtube recommendation model,Netflix Recommender System,YouTube Video Recommendation System,BellKor 2008,BellKor 2009,BigChaos OptiBlend,Pragmatic Theory solution (Netflix 2009),MatrixFac for Recommenders,BellKor 2007,BigChaos 2008,Restricted Bolzmann machines,Regularized SVD for Collaborative Filtering,Enhanced Neighborhood-Based Filtering,SVD in recommender systems,Social and content-based classification,GroupLens,DLRM-12T,Persia,Web mining + Decision tree recommender,CTR-BERT,CLUE,LMRec,AdClickNet",Amazon Review Data
Robotics,"Pole balancing,Self-driving car,Robotic manipulation,Animal (human/non-human) imitation,Sports","Rubik's cube ADR robot,Walking Minotaur robot,RoboCat,CALM,ASE,Swift,Robot Parkour,6-Act Tether,SemExp,DD-PPO,PaLM-E,Agile Soccer Robot,RT-1,RT-2,SARA-RT-2,RT-Trajectory,RT-1 + AutoRT,PaLM-SayCan,Theseus,SNARC,STeLLA,Q-learning,Deep Deterministic Policy Gradients,Gato,QT-Opt,RT-2-X,Heuristic Reinforcement Learning,Humanoid Locomotion,ASE+ACE,UniPi,Vision-based obstacle avoidance system (2005),Long-Range Autonomous Off-Road Driving System,OpenVLA,MetaMimic,1X World Model,Table Tennis Agent,Soccer Robot,π0 (pi-zero),Demostart (in progress),ALOHA Unleashed,RFM-1,Cosmos-1.0-
Diffusion-14B Video2World,Helix,Gemini Robotics,GR-2,Octo-Base,Octo-Small,Gemini Robotics-ER,GR00T N1,Eagle 2,RDT-1B,ManiGaussian,π0.5 (pi-0.5),Eagle 2.5,NVIDIA Isaac GR00T N1.5,Dexterous In-Hand Manipulation [control policy]","RT-1, Open X-Embodiment, GR00T N1 [post-train], GR00T N1 [pre-train], RDT [pre-train]"
Image generation,"Image completion,Image generation,Image super-resolution,Text-to-image","DALL·E 3,DiT-XL/2 + CADS,CTM (CIFAR-10),GLIDE,DiT-XL/2,LDM-1.45B,Emu (Meta),Consistency Decoder,Discriminator Guidance,DiT-XL/2 + Discriminator Guidance,DDPM-IP (CelebA),PG-SWGAN,ADM,Projected GAN,Diffusion-GAN,Midjourney V1,WGAN-GP,Stable Diffusion XL (SDXL),Taiyi-Stable Diffusion,Perfusion,DALL·E 2,CogView,VQGAN + CLIP,BPL,Parti,BigGAN-deep 512x512,Spectrally Normalized GAN,Imagen,DALL-E,GANs,Stable Diffusion (LDM-KL-8-G),Rotation,iGPT-XL,RCAN,ESRGAN,Residual Dense Network,iGPT-L,Deeply-recursive ConvNet,EDSR,BigBiGAN,SRGAN,AMDIM,CPC v2,Symmetric Residual Encoder-Decoder Net,DnCNN,MoCo,Samsung Gauss Image,Firefly,eDiff-I,OpenFlamingo,CogView2,PIXART-α,Stable Diffusion 3,MosaicML Diffusion,ruDalle: Kandinsky 3.0,ruDalle: Kandinsky 3.1,Imagen 2,Draw,Layer Normalization: Draw,ERNIE-ViLG,DreamLLM,360 Smart Brain,EXAONE 2.0,Pangu 3.0,Honghu Graphic,ImageBind,AR-LDM,NÜWA,Wu Dao 2.0,Wu Dao - Wen Hui,M6-10B,M6-100B,Amazon Titan,Chameleon-34B,FragLlama: Next-fragment prediction for molecular design,YaART,RQ-Transformer (LSUN-cat dataset),GLM-4,ERNIE 4.0,GPT-4 Turbo,Flux.1 [pro],Flux.1 [dev],Layer Normalization: Handwriting sequence generation,Image-to-image cGAN,DALL-E mega,StarGAN v2,RQ-Transformer (1.4B params ImageNet dataset),RQ-Transformer (3.8B params ImageNet dataset),Imagen 3,Stable Video Diffusion,OmniGen,ERNIE-ViLG 2.0,Stable Diffusion 3 Medium,Hunyuan,KeTu (Kolors),MindEye2,TiTok-L,Doubao Text-to-Image Model,Doubao Image-to-Image generation model,Luma Photon,FLUX1.1 [pro] Ultra,FLUX1.1 [pro] Raw,Hunyuan-DiT,Ideogram v2,Midjourney V6.1,Janus-Pro-1B,Janus-Pro-7B,Step-1X,Recraft V3,Stable Diffusion 3.5 Large,Stable Diffusion 3.5 Large Turbo,Infinity,Playground v2,Playground v2.5,4o Image Generation,PRISM-1,Shutterstock ImageAI,Kolors 2.0 Image Generation,Meissonic,GigaGAN,Wuerstchen,Emu3,OutfitAnyone,HiDream-I1,HiDream Foundation Model 3.0,HiDream Foundation Model 1.0,SANA,Lumina-Image-2.0,Amazon Nova Canvas,SenseMirage V4,Emu2,StyleGAN3-T,StyleGAN3-R,StyleGAN,StyleGAN2,ControlNet","Segment Anything 1B, JourneyDB, LSUN, LSUN Bedroom, Conceptual Captions (CC3M), Conceptual Captions 12M (CC12M), LAION, LAION-400M, LAION-COCO, MMC4 / Multimodal C4, Wanjuan, TaiSu, LSUN Cat, DALL-E, CLIP, STL-10, LSUN Church, FIT400M, LAION-5B, DenseFusion-1M, LAION-2B, CapsFusion-120M, LLaVA-OneVision, METFACES"
Multimodal,,"GPT-4,Gato,LiMoE,BaGuaLu,MetaLM,ALIGN,CLIP (ViT L/14@336px),Wu Dao - Wen Lan,M6-10T,NÜWA,M6-10B,M6-T,Wu Dao 2.0,Cloob,ERNIE-ViLG,Perceiver IO (optical flow),Zidong Taichu,AltCLIP_M9,IDEFICS-80B,Flamingo,GPT-4V,Ferret (13B),PaLI-X,UniPi,EXAONE 2.0,ChatGLM3-6B,360 Smart Brain,Gemini 1.0 Ultra,Honghu Graphic,OmniVec,ONE-PEACE,ImageBind,GPT-4 Turbo,Qwen-VL,Qwen-VL-Max,Pangu 3.0,Fuyu-Heavy,Fuyu-8B,LLaVA,LLaVA 1.5,LLaVA-NeXT-34B (LLaVA-1.6),CogVLM-17B,Unified-IO (XL),Gemini Nano-2,Flan T5-XXL + BLIP-2,Xinghan Foundation Model,Emu1 (BAAI),Gemini 1.0 Pro,Otter,BEIT-3,OtterHD-8B,OneLLM,DreamLLM,InternLM-XComposer,InstructBLIP,Claude 3 Sonnet,Claude 3 Opus,Gemini 1.5 Pro,Lumiere,MM1-30B,Grok-1.5V,Reka Core,GroundingGPT,Gemini Nano-1,ERNIE 4.0,Reka Flash,LLaVA + LVIS-INSTRUCT4V,Wu Dao - Wen Hui,M6-100B,CLIP (ResNet-50),Gemini 1.5 Flash,EXAONE 1.0,SC-NLM,Chameleon-34B,FragLlama: Next-fragment prediction for molecular design,tsuzumi 7B upgrade 2024,Fragment embedding,GPT-4o,MiniGPT4 + LRV-Instruction,MiniGPT4 (Vicuna finetune),Xiaoice,PaLI,GLM-4V-9B,GLM-4,mPLUG-Owl2,SPHINX (Llama 2 13B),Volcano 13B,GPT-4o mini,Qwen2-Audio,Engine-XL(NE),Engine-Base (NE),Engine-Medium(NE),Claude 3.5 Sonnet,Grok-2 mini,Grok-2,Qwen2-VL-72B,Qwen2-VL-2B,Qwen2-VL-7B,Llama 3.2 11B,Llama 3.2 90B,Med-Gemini-M 1.5,Belle VL,Pixtral 12B,Molmo 72B,Hunyuan,Janus 1.3B,SenseChat 5.5,Pixtral Large,Ernie 4.0 Turbo,Gauss2,Fugatto 1,BaiLing,Amazon Nova Pro,Amazon Nova Lite,Gemini 2.0 Flash,Gemini 1.5 Flash 8B,Idefics2,IDEFICS-9B,Apollo 7B,Apollo 3B,Apollo 1.5B,o1,bailing-pro-1120,360gpt2-pro,Janus-Pro-1B,Janus-Pro-7B,Gemini 2.0 Pro,InternVL1.5,Yi-VL-34B,NVILA 15B,NVILA 8B,Grok-3,Kimi k1.5,Claude 3.7 Sonnet,Phi-4-Multimodal,GPT-4.5,Gemini 2.0 Flash Thinking,Gemma 3 4B,Gemma 3 12B,Gemma 3 27B,Computer-Using Agent (CUA),Gemini 2.5 Pro,QVQ,Llama 4 Scout,QVQ-Max,Llama 4 Behemoth (preview),Reka Flash 3,Cambrian-1-34B,Cambrian-1-13B,Cambrian-1-8B,OmniFusion-7B (InternViT-6B-448px V1-2),Mistral OCR,DreamerV3,GPT-4.1,GPT-4.1 mini,GPT-4.1 nano,Amazon Nova Act,Aya Vision 32B,ERNIE 4.5 (文心大模型4.5),LLaVA-NeXT-32B-Qwen,LLaVA-OV-7B,LLaVA-OV-72B,VILA1.5-40B,VILA1.5-7B,VILA1.5-13B,Oryx 34B,Oryx 7B ,InternVL2 26B,InternVL2_5-78B,InternVL2-40B,LongVILA-7B,o4-mini,o3,OpenCLIP ViT-H-14-378-quickgelu,ELIXR-C,Ovis1.6-Gemma2-27B,Ovis1.6-Gemma2-9B,Granite Vision 3.2 2B,SK Telecom Telco,Aria,InternVL2-Llama3-76B,DeepSeek-VL-7B
,DeepSeek-VL-1.3B,LongVU,Apollo-7B,WeituAI 1.0,Yiye Qingzhou-0.7B,Yiye Qingzhou,Yiye Qingzhou-45B,Typhoon2-Vision ,Typhoon2-Audio,Mistral Medium 3,Emu3,Claude Opus 4,Claude Sonnet 4,MiniMax-VL-01,Ovis-7B,Llama 4 Maverick,TerraMind,Cosmos-Transfer1,SenseNova V6,Qwen2.5-VL-72B, Qwen2.5-VL-7B , Qwen2.5-VL-3B,Gemini 2.5 Flash,Kosmos-2.5,Kosmos-2,Kosmos-1,xGen-MM (BLIP-3),LLaVA-CoT,Baichuan-Omni,Shishuo,LinGan VL (临感VL),SenseChat-Medical V4,SenseChat-Vision V4,InternVL2_5-38B,InternVL2_5-26B,GAIA-2,GAIA-1,Emu2,Multitask Unified Model (MUM),West Lake (“Xīhú / 西湖大模型”),Amazon Nova Premier","ScienceQA, LLaVA-Instruct-150k, DenseFusion-1M, InternVL-SA-1B-Caption, PIN-14M, MINT-1T, The Cauldron, Monkey, ArXivQA, TGDoc, Multimodal Self-Instruct"
Language,"Chat,Question answering,Language generation,Language modeling,Document classification,Text classification,Named entity recognition,Text autocompletion,Language modeling/generation,Verb conjugation,Translation,Character recognition,Digit recognition,Image captioning,Video description,Code generation,Vision-language generation,Transcription,Morse translation,Sentiment classification,Speech completion,Part-of-speech tagging,Semantic embedding,Instruction interpretation,Quantitative reasoning,Code autocompletion,Entity embedding,Document representation,Word sense disambiguation,Relation extraction,Text summarization,Japanese language modeling,Semantic search,Text-to-image,Language Structure Modeling,Retrieval-augmented generation,Mathematical reasoning","PaLM 2,Minerva (540B),PaLM (540B),OPT-175B,Chinchilla,LaMDA,YaLM,AlexaTM 20B,BLOOM-176B,GPT-NeoX-20B,GLM-130B,AlphaCode,NLLB,Primer,GPT-SW3,Sparse all-MLP,data2vec (language),InstructGPT 175B,RETRO-7B,DeepNet,Statement Curriculum Learning,Jurassic-X,UL2,Galactica,Megatron-LM (1T),Megatron-Turing NLG 530B,Gopher (280B),Yuan 1.0,Jurassic-1-Jumbo,Switch,HyperCLOVA 82B,PanGu-α,FLAN 137B,PLUG,T0-XXL,GPT-J-6B,GPT-Neo-2.7B,DeBERTa,Wu Dao - Wen Yuan,PAGnol-XL,ERNIE 3.0,ERNIE 3.0 Titan,Generative BST,Codex,XLMR-XXL,Japanese dialog transformers,GPT-3 175B (davinci),Meena,GShard (dense),GShard (600B),ALBERT-xxlarge,AraGPT2-Mega,CPM-Large,ELECTRA,KEPLER,Theseus 6/768,MobileBERT,SqueezeBERT,ERNIE-GEN (large),Megatron-BERT,T5-11B,T5-3B,Megatron-LM (8.3B),GPT-2 (1.5B),Transformer ELMo,MT-DNN,SpecAugment,Grover-Mega,XLM,XLNet,ALBERT,DistilBERT,BART-large,BERT-Large,GPT-1,ULM-FiT,ELMo,Chinese - English translation,GPipe (Transformer),MoE-Multi,Transformer,GNMT,Part-of-sentence tagging model,Named Entity Recognition model,DMN,fastText,Character-enriched word2vec,Constituency-Tree LSTM,BPE,Seq2Seq LSTM,RNNsearch-50*,GloVe (6B),GloVe (32B),DBN for NLP,GRUs,Word2Vec (large),SemVec,Word2Vec (small),Ngram corpus,MV-RNN,RNN-SpeedUp,Cross-Lingual POS Tagger,Recursive sentiment autoencoder,NLP from scratch,Word Representations,RL mapping instructions (games),RL mapping instructions (troubleshooting),Polarity Classifier,Stacked Semisuperviser Autoencoders,λ-WASP,Semantic Taxonomy Induction,Hiero,Automated WSD via WordNet,NPLM (Brown),LDA,Phrase-based translation,Thumbs Up?,Tagging via Viterbi Decoding,Joint Probability Machine Translation,Maximum Entropy Models for machine translation,Immediate trihead,FrameNet role labeling,IBM Model 4,LSTM,n-gram LM,HMM Word Alignment,Iterative Bootstrapping WSD,Markov-driven POS tagger,IBM-5,SRN-Encoded Grammatical Structures,Learning past tenses,Learnability theory of language development,Pandemonium (morse),LLaMA-65B,ConSERT,PLATO-XL,ALM 1.0,Inflection-1,ERNIE 3.5,Claude 2,Context-dependent RNN,Deep Multitask NLP Network,InternLM,Llama 2-70B,Claude,Jais,Falcon-40B,Falcon-180B,Vicuna-13B v0,RetNet,Persimmon-8B,(ensemble): AWD-LSTM-DOC (fin) × 5 (WT2),$\infty$-former (SM),1-layer-LSTM,2-layer skip-LSTM + dropout tuning (WT2),2-layer-LSTM+Deep-Gradient-Compression,2nd order FOFE-FNNLM,4 layer QRNN (h=2500),4-gram + 8 DENN,6-Layer-Tensor-Transformer+AdaHessian,Adaptive Input Transformer + RD,Adaptive Inputs + LayerDrop,ADP-FAIRSEQ+NGRAMRES,AFP+FPI (PTB),ALiBi (L=3072, Lvalid = 3072),All-attention network + adaptive span,Alleviated TOI 10 (WT103),aLSTM(depth-2)+RecurrentPolicy (WT2),Amended-DARTS,AWD-FWM (WT2),AWD-LSTM,AWD-LSTM - 3-layer LSTM (tied) + continuous cache pointer (WT2),AWD-LSTM + MoS + Partial Shuffled,AWD-LSTM-DRILL + dynamic evaluation† (WT2),AWD-LSTM-MoS + dynamic evaluation (WT2, 2017),AWD-LSTM-MoS + dynamic evaluation (WT2, 2018),AWD-LSTM-MoS+PDR + dynamic evaluation (WT2),AWD-LSTM+WT+Cache+IOG (WT2),B2T connection (16L),Base LM + kNN LM + Continuous Cache,base LM+GNN+kNN,BERT-Large-CAS (PTB+WT2+WT103),BLOOM-7.1B,bRSM + cache,Byte-mLSTM+emb+WN+VD,CD-GraB (WT103),Char-CNN-BiLSTM,Verbatim Memory Transformer (182M),CODA,Compress-LSTM (66M),Long-range sequence Compressive Transformers,CryptoGRU,CT-MoS (WT2),CT-MoS + DynamicEval (WT2),D-LSRC(200)+KN5,DARTS,Decay RNN,Decaying Fast Weights Transformer (WT-103),DeLighT,Delta RNN (+ full context),dense-IndRNN+dynamic eval,Densely Connected LSTM + Var. Dropout,DEQ-Transformer (Medium, Adaptive Embedding),DEQ-Transformer (Post-LN) + Jacobian Regularisation,DiffQ Transformer (16L),DiffStk-MRNN,DITTO,DOC + Finetune∗ + Partial Shuffle (WT2),DOT(S)-RNN,Dropout-LSTM+Noise(Bernoulli) (WT2),E-SPA,EGRU (WT2),EI-REHN-1000D,EN^2AS with performance reward,ENAS,Engine-XL(NE),ERNIE-Doc (247M),Fairseq + UID: variance,FAIRSEQ Adaptive Inputs,Feedback Transformer,Fine-tuned-AWD-LSTM-DOC (fin),FMMformer (2-kernel fast weight + Band20),FNetAR Medium,Frage-AWD-LSTM-MemoryAug-NeuralCache (WT2),Fraternal dropout + AWD-LSTM 3-layer (WT2),Gated HORNN (3rd order),GCNN-14,GCRN-M1, dropout,genCNN + dyn eval,GL-LWGC-AWD-MoS-LSTM + dynamic evaluation (WT2),GLM-10B,GPT-2 (1.5B, Curriculum Learning 45K),GPT-2 (fine-tuned with HYDRA),GPT-2-Medium+Pixelfly,GPT-2+Active-SGD (WT2),GPT2-Large+LHOPT,GPT2-LayerFusion-WS,GPT2+CoreLM+Fine-Tuning,GPT3-6.7B (rerun of original),GPT3-6.7B + muP,Grown to Prune Two-layer stacked LSTM,GRU + p-tHSM (pretrain via Brown) (WT103),H-LSTM+wg+rcp+rcg+wp,HSO,Hybrid H3-2.7B,Hyena-3-slim,Integer Transformer,ISS,KnGPT2,L_UL-seq,LaMemo,Large regularized LSTM,LBL,Linear Transformer (large),LSTM (2018),LSTM (Hebbian, Cache, MbPA),LSTM + dynamic eval,LSTM-3-layer+Gadam,LSTM-300units,LSTM-Char-Large,LSTM-Large+Behaviorial-Gating,LSTM(large)+Sememe+cell,LSTM+Adam+Lookahead,LSTM+NeuralCache,LSTM+Noise(Beta),LTM,Memformer (4 encoder + 16 decoder),MemSizer (language modeling),MGK 4 heads (medium),MicroNet (Adaptive, Cache),MMLSTM,Mogrifier (d2, MoS2, MC) + dynamic eval,Mogrifier RLSTM (WT2),Monarch-GPT-2-Medium,MPT-7B,Multi-cell LSTM,Multipop Adaptive Continuous Stack (WT2),NAS+ESS (156M),NAS with base 8 and shared embeddings,Neural cache model (size=2000) (300M),NLM,NMM(LSTM+RNN),NMST+GPT-2,NoPos,ONLSTM-SYD,PAR Transformer Large,PermuteFormer,Pointer Sentinel-LSTM (medium),GPT-2 + Progressive LRD,Pythia-12b,QRNN,Quantized ADMM,R-Transformer,Relational Memory Core,retrieval-quality-kNN-LMs,RFA-GATE-Gaussian-Stateful Big,RGC+ASQ (WT2),RHN(depth=40),RHN+HSG(depth=40),RNN (SGD+CLR) (PTB),RNN + char4-MS-vec,RNN+LDA+KN5+cache,RNN+weight noise+dynamic eval,RNNLM + Dynamic KL Regularization (WT2),RNS-RNN,Routing Transformer (WT-103),RSM,rTop-k(distributed setting),S + I-Attention (3),S4,Sandwich Transformer,Scatterbrain,SCRN (Structurally Constrained Recurrent Network),Search-Proven Best LSTM,Segatron XL large, M=384,Segatron-XL large, M=384 + HCP,Selfish-RNN (SNT-ASGD) Stacked LSTMs,Shortformer,SPALM + kNN,SPALM + RelationLM,Sparse Wide GPT-3 Small,SparseOPT-175B,SPN-4+KN5,SRU++ Large,Stack RNN,Stacked-LSTM+PruningNo,Subformer (122M),T2R + Random Init,TaLK Convolution,TCN (148M),TCAN (WT2),Tensor-Transformer(1core)+PN (WT103),Tensorized Transformer (257M),TF-LM-discourse LSTM (PTB),TF-LM-discourse LSTM (WT2),TPM-LVD,Transformer (Adaptive Input Embeddings) WT103,Transformer + Average Attention Network,Transformer + GFM,Transformer Large + HCP,Transformer LM + MinSen,Transformer-C,Transformer-XL + AutoDropout (WT2),Transformer-XL + RMS dynamic eval,Transformer-XL + RMT,Transformer-XL + SIS,Transformer-XL DeFINE (141M),Transformer-XL (257M),Transformer-XL Large + Phrase Induction,Transformer-XL+AdamGapAware(GA),Transformer-XL+AdamP,Transformer-XL+WN+AdamP,Transformer+Recurrent Windows of Context,Transformer-XL + FWL,Transformer-XL + PowerSGD + L-Greco,TransformerXL + spectrum control,TransformerXL-LayerFusion-CA,Transformer-XL + RelationLM,TransfoRNN(d=1024)(2-layer) (WT2),TrellisNet,TRIMELMext (247M),True-Regularization+Finetune,True-Regularization+Finetune+Dynamic-Eval,TSLM+MoS (WT2),Turing-NLG,Variational (untied weights, MC) LSTM (Large),VD-LSTM+REAL Large,VD-RHN,VRNS-RNN-3-3-5,WD+LR+M,WeNet (WT2),Word-Independent-SRNN+KN5,Zoneout + Variational LSTM (WT2),GPT-3.5,FLM-101B,PanGu-Σ,GLaM,SimCSE,MoE-1.1T,StableLM-3B-4E1T,GPT-3.5 Turbo,CODEFUSION (Python),CodeT5-base,CodeT5-large,StarCoder,CodeT5+,CodeGen-Mono 16.1B,Claude 1.3,Mistral 7B,(ensemble): AWD-LSTM-DOC (fin) × 5 (PTB),2-layer skip-LSTM + dropout tuning (PTB),3-Layer-Tensor-Transformer+AdaHessian,4 layer Densely Connected LSTM 14M (PTB),4 layer QRNN + dynamic evaluation,Adaptive LSTM + DeFINE,ADP-FAIRSEQ + NGRAMRES,Adversarial + AWD-LSTM-MoS + partial shuffled,AdvSoft + 4 layer QRNN + dynamic evaluation (WT103),AFP+FPI (WT2),Alleviated TOI 10 (PTB),Alleviated TOI 10 (WT2),aLSTM(depth-2)+RecurrentPolicy (PTB),AWD-FWM (PTB),AWD-LSTM - 3-layer LSTM (tied) + continuous cache pointer (PTB),AWD-LSTM + DeFINE,AWD-LSTM + dynamic eval (PTB),AWD-LSTM + dynamic eval (WT2),AWD-LSTM + Phrase Induction + finetuning (PTB),AWD-LSTM-DOC (fin) (23M),AWD-LSTM-DOC (fin) (37M),AWD-LSTM-DRILL + dynamic evaluation† (PTB),AWD-LSTM-MoS + dynamic evaluation (PTB, 2018),AWD-LSTM-MoS + dynamic evaluation (PTB, 2017),AWD-LSTM-MoS+Noisin+dynamic evaluation (PTB),AWD-LSTM-MoS+PDR + dynamic evaluation (PTB),AWD-LSTM+Behaviorial-Gating,AWD-LSTM+WT+Cache+IOG (PTB),base LM+GNN (WT103),BERT-Large-CAS (WT2),BERT-Large-CAS (WT103),BLOOM-1.7B,BLOOM-1B,BLOOM-3B,BLOOM-560M,CD-GraB (WT2),Verbatim Memory Transformer (108M),Verbatim Memory Transformer (117M),Compress-LSTM (4.6M),CT-MoS (PTB),CT-MoS + DynamicEval (PTB),D-LSRC(100)+KN5 (PTB),DARTS (second order) (PTB),Deep RNN (PTB),DEQ-TrellisNet (PTB),DOC + Finetune∗ + Partial Shuffle (PTB),Dropout-LSTM+Noise(Bernoulli) - large(PTB),Dropout-LSTM+Noise(Laplace) - medium (WT2),EGRU (PTB),EI-REHN-1200D (PTB),ERNIE-Doc Base (151M, WT103),Frage-AWD-LSTM-MemoryAug-NeuralCache (PTB),Fraternal dropout + AWD-LSTM 3-layer (PTB),GL-LWGC-AWD-MoS-LSTM + dynamic evaluation (PTB),GLM-10B-bidirectional,GLM-10B-unidirectional,GLM-2B,Gopher (7.1B),GPT-2 (117M, SLW 110K),GPT-2 (124M),GPT-2 (355M),GPT-2 (774M),GPT-2-Small+Pixelfly,GPT-Neo-1.3B,GPT-Neo-1.3B (finetuned),GPT-Neo-125M,GPT-Neo-125M (finetuned),GPT-Neo-2.7B (finetuned on PTB),GPT-Neo-2.7B (finetuned),GRU + p-tHSM (pretrain via Brown) (PTB),GRU + p-tHSM (pretrain via Brown) (WT2),Hybrid H3-1.3B,Hybrid H3-125M,Hybrid H3-355M,Linear Transformer (small),LLaMA-13B,LLaMA-13B (LoRA finetuned),LLaMA-33B,LLaMA-33B (LoRA finetuned),LLaMA-65B (LoRA finetuned),LLaMA-7B,LLaMA-7B (LoRA finetuned),Local Transformer (WT103),LSTM (PTB),LSTM (WT2),LSTM (WT103),LSTM-Medium+Behaviorial-Gating (PTB),LSTM-MemoryAug (PTB),LSTM-MemoryAug (WT2),LSTM(medium)+Sememe+cell (WT2),Megatron-LM (2.5B),Megatron-LM (355M),MGK 8 heads (small),mini-GPT-2+Active-AdamW,Mogrifier (d2, MC) + dynamic eval,Mogrifier RLSTM (PTB),Monarch-GPT-2-Small,Multipop Adaptive Continuous Stack (PTB),N-gram (PTB),N-gram+Cache (PTB),NAS+ESS (23M),Neural cache model (size=2000),OPT-1.3B,OPT-1.3B (finetuned on PTB),OPT-1.3B (finetuned),OPT-125M (finetuned on PTB),OPT-125M (finetuned),OPT-2.7B,OPT-2.7B (finetuned on PTB),OPT-2.7B (finetuned on WT2),OPT-30B,OPT-350M,OPT-6.7B,OPT-66B,Pointer Sentinel-LSTM (WT2),Pythia-1.4b,Pythia-160m,Pythia-1b,Pythia-2.8b,Pythia-410m,Pythia-6.9b,Pythia-70m,RGC+ASQ (PTB),RNN,RNN + char2-MS-vec,RNN + char3-MS-vec,RNN Baseline,RNN+LDA,RNN+LSA+KN5+cache (model combination w/ linear extrapolation),RNNLM + Dynamic KL Regularization,Segatron -XL base, M=150 + HCP,Segatron XL base, M=384,Selfish-RNN (AWD-LSTM-MoS),Selfish-RNN (ON-LSTM),Selfish-RNN (SNT-ASGD)RHNs,SparseOPT-13B,SparseOPT-30B,SparseOPT-66B,SPN-4,SRU++ Base,SRU++ Large only 2 attention layers (k=5) (WT103),Subformer (83M),Subformer (96M),T2R + Pretrain,T2R 75% + Pretrain (WT-103),TCN (13M),TCAN (PTB),Tensor-Transformer(1core)+PN (PTB),Tensorized Transformer (W103),Tensorized Transformer (OBW),Tensorized Transformer (large PTB),Tensorized Transformer (PTB),Transformer-XL + AutoDropout (PTB),Transformer-XL DeFINE (107M),Transformer-XL-ptb,TransfoRNN(d=1024)(2-layer) (PTB),TrellisNet-MoS (1.4x larger) PTB,TRIMELMext (7M),TRIMELMlong (150M),TSLM+MoS (PTB),Variational RHN + WT (PTB),VD-LSTM+REAL Medium,VD-LSTM+REAL Small,WeNet (PTB),Zoneout + Variational LSTM (PTB),Cohere Command,Anthropic LM 52B,Grok-1,BloombergGPT,WizardLM-7B,ST-MoE,DeBERTaV3large + KEAR,WeNet (Penn Treebank),TCN (P-MNIST),XGen-7B,Luminous-supreme,Platypus-70B,PolyCoder,CodeGen2,Claude 2.1,SantaCoder,JIANG,Skywork-13B,mT5-XXL,OPT-IML (175B),ByT5-XXL,CodeGen2.5,Inflection-2,Incoder-6.7B,XVERSE-13B-2,BLUUMI,StableLM-Base-Alpha-7B,Cerebras-GPT-13B,Palmyra Large 20B,RWKV-4 14B,Yuan 2.0,CPM-2,Fairseq-dense 13B,RedPajama-INCITE-7B-Base,BlenderBot 3,Jurassic-2 Jumbo,BlueLM 7B,Anthropic LM 175B,Baichuan2-53B,Qwen-14B,CodeGeeX,Tongyi Qianwen 2.0,ChatRhino,SenseChat,OpenCALM,Polyglot-Ko-12.8B,PULI GPTrio,Grok-0,FinGPT-13B,Dou Bao,DeepSeek Coder 33B,OpenLLaMA-13B,Amazon Titan,Sparrow,Code Llama-34B,Llama 2-34B,MPT-30B,BTLM-3B,bilingual-gpt-neox-4b,Japanese StableLM Base Alpha 7B,DeciCoder-1B,Yi-34B,Qwen-72B,CodeFuse-13B,Wu Dao Aquila-7B,Aquila2 34B,Nanbeige-16B,MOSS-Moon-003,LingoWhale-8B,Baichuan2-13B,Jiutian,Spark 3.0,Phi-1.5,Phi-2,Flan UL2,Stable Beluga 1,Stable Beluga 2,TeleChat,Qwen-7B,XuanYuan 2.0,Table-GPT,Dolly 2.0-12b,Transformer + Simple Recurrent Unit,TigerBot-70B,Mamba-2.8B,Nemotron-3-8B,Japanese-LM-3.6B,RWKV-4 World (7B),Llama 2-7B,Llama 2-13B,YuLan-Chat-2 (13B),Fusion in Encoder,Retrieval-Augmented Generator,S-Norm,Llama-2-Chinese 13B,MemoReader,UnifiedQA,EMDR,Contriever,U-PaLM (540B),Goat-7B,ABAB,KwaiYii 13B,Cohere Embed,ProteinDT,OntoProtein,LLaMA-7B (protein-oriented instruction-tuned),LMSI-Palm,Zi Yue,Zi Yue 2.0,MathGPT,Semantic Hashing,Hopfield Networks (2020),TransE,WeLM,RNMT+,Big Transformer for Back-Translation,QMoE: compressed SwitchTransformer,VLM-4,Granite 13B,PaLI,Mixtral 8x7B,YuYan 11B,Instruct-GPT + Mind's Eye,TensorReasoner,Guanaco-65B,Cross-lingual alignment,Max-Margin Markov Networks,LSTM with forget gates,BLOOMZ-176B,mT0-13B,DCN+,GSM,LUKE,SEST,BIDAF,Mnemonic Reader,KoGPT,DensePhrases,HyperCLOVA X,DeepSeek LLM 67B,RaSoR,ATLAS,XVERSE-65B-2,TOME,PhraseCond,Mistral Medium,Lyra-Fr 10B,Neuro-Symbolic Concept Learner,Reading Twice for NLU,Qwen1.5-72B,WizardCoder-15.5B,Orca 2-13B,SeamlessM4T,NMT Transformer 437M,M4-50B,PPLX-70B-Online,CoEdiT-xxl,Flan-PaLM 540B,Flan-T5 11B,TinyLlama-1.1B (1T token checkpoint),TinyLlama-1.1B (3T token checkpoint),Code Llama-70B,LongT5,XLM-RoBERTa,Calm2-7B,StableLM-2-1.6B,Refact-1.6B,Kosmos-2,mBART-50,bge-reranker-large,Multilingual-E5-large,DeciLM 6B,Poro 34B,XGLM-7.5B,NeMO Megatron GPT 20B,Stockmark-13B,PLaMo-13B,Weblab-10B,LightOn Mini,gpt-sw3-40b,InternLM2-20B,Aya,Stable Code 3B,PolySphere-1,Qwen-Audio-Chat,Falcon-7B,LongNet,SciBERT,tsuzumi 7B,LLaVA,LLaVA 1.5,LLaVA-NeXT-34B (LLaVA-1.6),Gemma 7B,CogVLM-17B,Qarasu-14B,Luminous Sparse,Solar-10.7B (Solar Mini),Cohere Command Light,OpenChat 3.5-7B,Multitask Unified Model (MUM),Samsung Gauss Language,Samsung Gauss Code,LTM-1,DeepSeekMoE-16B,GBERT-Large,German ELECTRA Large,WizardLM 70B,MADLAD-400 10B,NEC LLM 13B,Karakuri LM,GPT-NeoX-Japanese,Japanese-GPT-1B,Llama Guard,BIG-G 137B,mPLUG-Owl2,BLIP-2 (Q-Former),Code Llama-7B,StripedHyena-Hessian-7B,Claude Instant,Starling-LM-7B-alpha,DeciCoder-6B,CodeWhisperer,SPHINX (Llama 2 13B),Emu1 (BAAI),Mistral Large,SNM-skip,Mesh-TensorFlow Transformer 4.9B (language),Mesh-TensorFlow Transformer 2.9B (translation),RNN for 1B words,KwaiYiiMath,StarCoder 2 15B,StarCoder 2 7B,StarCoder 2 3B,Volcano 13B,CamemBERT,Claude 3 Haiku,Claude 3 Sonnet,Claude 3 Opus,Mistral 7B + OVM,DBRX,Gemini 1.5 Pro,ReALM,ConvS2S (ensemble of 8 models),Command R+,Viking,Wu Dao Aquila-33B,MegaScale (175B),MegaScale (530B),MegaScale (Production),Inflection-2.5,CogAgent,Mixtral 8x22B,Grok-1.5,OLMo-7B,Stable LM 2 12B,FunSearch,VideoPoet,Llama 3-70B,Llama 3-8B,Griffin,Hawk,Qwen1.5-110B,phi-3-mini 3.8B,phi-3-medium 14B,LIMA,SenseChat 5.0,Tk-Instruct,HuatuoGPT,NASA SMD,Mixture-of-Depths,FRED-T5-XL,Delphi,Unicorn,POKE´LLMON,30B-Lazarus,The Attentive Reader,Layer Normalization: The Attentive Reader,Skip-Thoughts,Layer Normalization: Skip Thoughts,OneLLM,Gemini 1.0 Pro,Gemini 1.0 Ultra,Gemini Nano-2,Gemini Nano-1,Qwen-VL-Max,Fuyu-Heavy,GPT-4 Turbo,ERNIE 4.0,GPT-2 (AMPS),Reka Core,Reka Flash,LLaVA + LVIS-INSTRUCT4V,Xinghan Foundation Model,Grok-1.5V,MM1-30B,GroundingGPT,OmniVec,OtterHD-8B,ChatGLM3-6B,Fuyu-8B,Ferret (13B),InternLM-XComposer,DreamLLM,360 Smart Brain,Qwen-VL,IDEFICS-80B,EXAONE 2.0,Pangu 3.0,PaLI-X,InstructBLIP,ImageBind,Otter,GPT-4,Fugaku-LLM,Flan T5-XXL + BLIP-2,AltCLIP_M9,BEIT-3,Unified-IO (XL),MetaLM,LiMoE,Flamingo,BaGuaLu,NÜWA,Cloob,M6-10T,Zidong Taichu,ALIGN,Wu Dao 2.0,M6-T,Wu Dao - Wen Hui,M6-10B,M6-100B,CLIP (ViT L/14@336px),CLIP (ResNet-50),Perceiver IO (optical flow),GPT-4V,Gato,VARCO LLM 2.0 base,VARCO LLM 2.0 small Finetuning,VARCO LLM KO/EN-13B-IST ver.1,Konan LLM 13B,Konan LLM 41B,Mi:dm 7B,Mi:dm 200B,A.X (Adot) 39B,A.X (Adot) 18B,A.X (Adot) 7B,LMRec,Gemini 1.5 Flash,EXAONE 1.0,HyperCLOVA 204B,Vicuna-7B v0,RNTN,AdaRNN,Chameleon-34B,Yi-Large,GLM-4 (0116),FragLlama: Next-fragment prediction for molecular design,ruGPT-3.5 13B,tsuzumi 7B upgrade 2024,RCTM,DistBelief NNLM,Paragraph Vector,RNN LM,Recursive Neural Network,HLBL,Hierarchical LM,Vector Space Model,YandexGPT 3,GPT-4o,Codestral,Qwen2-72B,Jamba,BGE-M3 Embedding,Swallow,Elyza,MuggleMath,MiniGPT4 + LRV-Instruction,MiniGPT4 (Vicuna finetune),Xiaoice,SC-NLM,ONE-PEACE,Predictive Coding NN,VDCNN (on Amazon Review Full dataset),Knowledge distillation student model,Nemotron-4 340B,DeepSeek-Coder-V2 236B,Multi-Token Prediction 7B,Multi-Token Prediction 13B,GLM-4 (0520),GLM-4V-9B,GLM-4,SB-LM,KN-LM,Neural LM,Samba 3.8B,Falcon 2 11B,Gemma 2 27B,Gemma 2 9B,Gemma 2 2B,Mistral NeMo,DeepSeek-V2 (MoE-236B),Llama 3.1-405B,ADAPTIVE NLPM,Gemma 1.1 7B Instruct,Mistral Large 2,GPT-4o mini,Qwen2-Audio,AFM-server,AFM-on-device,Mamba2-Hybrid,OpenVLA,Engine-Base (NE),Engine-Medium(NE),Claude 3.5 Sonnet,Command R,LSTM+GraB,Adaptive Subgrad,text-embedding-3-small,text-embedding-3-large,text-embedding-ada-002,babbage-002,Cosine Genie,BlueLM 70B,BlueLM 130B,BlueLM 175B,Grok-2 mini,Grok-2,Llama 3.1-70B,Llama 3.1-8B,EXAONE 3.0,phi-3-small 7.4B,Differentiable neural computer,PaLM-E,LSTM LM,MEB,DeepSeek-V2.5,CoRe,o1-preview,o1-mini,Cygnet,Jamba 1.5-Large,OLMoE,Qwen2.5-72B,Qwen2-VL-72B,Qwen2-VL-2B,Qwen2-VL-7B,Falcon Mamba,BiomedGPT (182M),Qwen2.5-Coder (7B),Qwen2.5-Coder (1.5B),NTM,AlphaGeometry 2,Pharia-1-LLM-7B,Mistral Small v24.09,RECONTRA-uncategorized,RECONTRA-categorized,Discriminator-tuned LSTM,Llama 3.2 11B,Llama 3.2 90B,Llama 3.2 1B,Llama 3.2 3B,JetFire (GPT2-LARGE),BitNet b1.58,phi-3.5-mini,Amazon Titan Text Express,Amazon Titan Text Lite,Med-Gemini-M 1.5,Med-PaLM,Med-PaLM 2,code2vec,code2seq,Aya Expanse 32B,Aya Expanse 8B,Yi-Lightning,LFM 40B,Belle VL,BELLE-Llama2-13B-chat-0.4M,BELLE-LLaMA-7B-0.6M-enc,BELLE-LLaMA-7B-2M-enc ,BELLE-LLaMA-13B-2M-enc,BELLE-LLaMA-EXT-7B,BELLE-7B-0.2M,BELLE-7B-0.6M ,BELLE-7B-1M,BELLE-7B-2M,ChatBit,OpenDiLoCo 150M,OpenDiLoCo 1.1B,DeBERTaV3large,Pixtral 12B,NVLM-D 72B,NVLM-H 72B,Molmo 72B,Arctic,GRITLM 7B,GRITLM 8x7B,Hunyuan,Hunyuan-Large,Janus 1.3B,DeepSeek-LLM-1.3b-base,KwaiYii 175B,Mamba 2, 2.7B,MetaMath 70B,MetaMath 7B (LLaMa finetune),MetaMath 7B (Mistral finetune),Qwen2.5-Coder (32B),MiniCPM-V 2.6,Yi-1.5-34B,Qwen1.5-14B,Qwen2.5 Instruct (72B),Qwen2.5 Instruct (7B),Nemotron-4 15B,NV-Embed-v1,NV-Embed-v2,Tulu V2 DPO 70B,Yi 6B,Gemini 1.0 Pro Vision,Luminous-extended,Luminous-base,Alpaca,Codestral Mamba,Code Droid, Tulu 3 (Tülu 3) 70B,Hermes 3 405B,Hermes 3 70B,Hermes 3 8B,DISTRO,Vicuna-33B-v1.3,Vicuna-13B-v1.3,Vicuna-7B-v1.3,Vicuna-7B-v1.5,Vicuna-13B-v1.5,LearnLM-Tutor,CRYSTALCODER,Amber,RWKV-5 (Eagle) 7B,RWKV-6 (Finch) 3B,Code Llama-13B,DeepSeek-R1-Lite-Preview,DL scaling LM,Llama-3.1-Nemotron-70B-Instruct,Microsoft MAI-1,Intel Aurora 1T,Gemini-Exp-1114,GLM-4-Plus,Spark 4.0,Palmyra X 004,Telechat2-115B,INTELLECT-1,QwQ-32B,xLAM-8x22B,PLaMo-100B,Aramco Metabrain AI,DeepL LLM,Palmyra X 003,Granite 20B,Fugatto 1,Zephyr 141B-A39B																																						,Zephyr 7B,Athene-70B,NexusRaven-V2,DataGemma,DigiRL,Amazon Nova Pro,Amazon Nova Lite,Amazon Nova Micro,Hermes 2 Theta Llama-3 70B,Ministral 3B,Ministral 8B,Qwen1.5-32B,WizardLM-2 8x22B,WizardLM-2 70B,WizardLM-2 7B,Doubao-pro,Doubao-lite,Doubao Role-Playing Model,Doubao Real-Time translation model,Doubao Vectorization Model,Doubao Function Call Model,NVLM-X 72B,Llama 3.3 70B,Phi-1,StableLM - Zephyr 3B,MiniCPM-2.4B,MiniCPM-1.2B,MiniCPM-3-4B,Gemma 2B,Llama-3.1-Minitron-4B,Minitron 8B,Minitron 4B,o1,Phi-4,Gemini 2.0 Flash,llama-3-airoboros-70b-3.3,airoboros-l2-70b-2.1,Takane,GLA Transformer 1.3B,GLA Transformer 340M,Granite 3.0 8B,Granite 3.0 2B,GPT-3 2.7B,GPT-3 6.7B,GPT-3 13B,GPT-3 Large,GPT-3 Medium,GPT-3 Small,GPT-3 XL,InstructGPT 6B,InstructGPT 1.3B,Claude 3.5 Haiku,DeepSeek-Prover-V1.5,DeepSeek Coder 1.3B,DeepSeek Coder 6.7B,DeepSeekMath 7B,DeepSeek LLM 7B,Qwen1.5-7B,Gemini 1.5 Flash 8B,InstructGPT 350M,DeepSeek-V3,Amazon Q Developer,HGRN 1B (WT 103),HGRN2 3B,HGRN2 1B,Idefics2,IDEFICS-9B,OLMo 2 Furious 13B,OLMo 2 Furious 7B,abab6.5,Palmyra Vision,BIG LSTM+CNN INPUTS ,10 LSTMS + KN-5 (OPTIMAL WEIGHTS),Apollo 7B,Qwen2.5-3B,Qwen2.5-7B,Qwen2.5-1.5B,Apollo 3B,Apollo 1.5B,o3-mini,o3,Llama-3-Taiwan-70B
,TAIWAN-LLM 13B,TAIWAN-LLM 7B,TAIDE-LX-7B,TAIDE LX-13B,Llama 3-TAIDE-LX-8B-Chat-Alpha1,EXAONE 3.5 2.4B,EXAONE 3.5 7.8B,EXAONE 3.5 32B,DeepSeek-R1,DeepSeek-R1-Zero,Doubao-1.5-pro,360gpt2-pro,abab7,Moonshot-v1,Mistral Small 3,Janus-Pro-1B,Janus-Pro-7B,Qwen2.5-Max,Step-2,Athene-V2,Gemini 2.0 Pro,Hunyuan3D 2.0,SimPO,Jamba 1.5 Mini,InternLM2.5,InternViT-6B, InternVL,InternVL1.5,Yi-VL-34B,Qwen2.5-32B,s1,NVILA 15B,NVILA 8B,xLSTM 1.4B,Grok-3,aiXcoder-7B Base,360zhinao2-o1,360Zhinao2-7B,360Zhinao-7B,Tiangong 4.0,TeleChat2-35B,TeleChat2-7B,TeleChat2-3B,Yi-1.5-9B,Vega v2,T-NLRv5 XXL,Kimi Explorer,AndesGPT,Phi-4 Mini,Claude 3.7 Sonnet,Phi-4-Multimodal,GPT-4.5,Gemini 2.0 Flash Thinking,ALLaM adapted13B
,ALLaM adapted 70B,ALLaM 7B,ALLaM 34B,OLMo-1B,SEA-LION V1 3B,SEA-LION V1 7B,SEA-LION V2 8B,SEA-LION V3 Gemma2 9B,SEA-LION V3 Llama3.1 8B,SEA-LION V3 Llama3.1 70B,Gemma 3 1B,Gemma 3 4B,Gemma 3 12B,Gemma 3 27B,Computer-Using Agent (CUA),Kimi 1.6,Kimi k1.5,EXAONE Deep 2.4B,EXAONE Deep 7.8B,EXAONE Deep 32B,EXAONE 3.5-R 7.8B,EXAONE 3.5-R 32B,EXAONE 3.5-R 2.4B,Mistral Small 3.1,Gemini 2.5 Pro,DEQ-TrellisNet (WT-103),Phi-3.5-MoE,Qwen2-7B,Qwen2-57B-A14B,Qwen2.5-14B,Qwen Plus,Qwen Turbo,QVQ,Llama 4 Scout,QVQ-Max,Llama 4 Behemoth (preview),Cohere Command A,OLMo 1.7-7B ,DeepSeek-R1-Distill-Llama-70B,YAYI-13B-Llama2,YAYI-7B-Llama2,nekomata-14b,OpenChat-13b,DeepThought-8B,GPT-4.1,GPT-4.1 mini,GPT-4.1 nano,QWQ-Plus,Mercury,LLaDA,AMIE (Articulate Medical Intelligence Explorer),SaulLM-large,CriticGPT,Qwen2.5-Math-7B-Base,Llama Nemotron Nano 8B,Llama Nemotron Super 49B,Llama Nemotron Ultra 253B,ERNIE x1 (文心大模型X1),Pangu Ultra,Llama-SEA-LION-v2-8B,Llama-SEA-LION-v2-8B-IT,minChatGPT,o4-mini,OpenELM-1.1B,OpenELM-3B,OpenELM-450M,OpenELM-270M,Nanbeige2-16B-Chat,NEC cotomi,Sonar,R1 1776,Nemotron-H 8B,Nemotron-H 47B,Nemotron-H 56B,OMNI-EPIC,Open-Assistant Llama2 70B SFT v10,OpenThaiGPT v1.0.0 (13B),OpenThaiGPT v1.0.0 (7B),TxGemma 2B,TxGemma 9B,TxGemma 27B,PaLM-2 Bison,PaLM-2 Unicorn,PaLM-2 Gecko,PaLM-2 Otter,Marco-o1,Hybrid-Phi-Mamba-1.5B,Ovis1.6-Gemma2-27B,Ovis1.6-Gemma2-9B,Poolside Malibu,Pythia-Chat-Base-7B-v0.16,OREAL 7B,Quiet-STaR,OREAL 32B,Deephermes 3 Llama 3 8B Preview,Granite 3.2 8B,Granite Vision 3.2 2B,Granite 3.2 2B ,Granite Guardian 3.2,Granite 3.1 2B,Granite 3.1 8B,Sailor-7B-Chat,SambaLingo-Thai-Chat (7B),SambaLingo-Thai-Chat-70B,SEA-LION-v1-7B-IT,Nous-Hermes-2-Yi-34B,SeaLLM-7B-v2,SeaLLM-7B-v2.5,RoBERTa Large,RoBERTa Base,Qwen2.5-Math-1.5B,SK Telecom Telco,DeepSeek-R1-Distill-Qwen-1.5B,DeepSeek-R1-Distill-Qwen-14B,SmolLM-1.7B,Mengzi-Code-6.7B,MengziGPT-General-13B,Mengzi-Fin-7B,Mengzi-Fin-13B,MengziGPT-General-40B,MengziGPT-General-7B,Mengzi-Lite,Zamba2-7B,Qwen3-235B-A22B,Qwen3-30B-A3B,Qwen3-32B,Qwen3-14B,Qwen3-8B,Qwen3-4B,Qwen3-1.7B,Qwen3-0.6B,WeituAI 1.0,Yiye Qingzhou-0.7B,Yiye Qingzhou,Yiye Qingzhou-45B,Hairuo,Phi-4-Reasoning,Phi-4-Reasoning-plus,AraELECTRA,AraBERT,AraBERT LArge v2,Typhoon 2.1 Gemma 12B,Typhoon 2.1 Gemma 4B,LLama 3..2 Typhoon 2 1B,LLama 3.2 Typhoon 2 3B,Typhoon 2 7B,Llama 3.1 Typhoon 2 8B,Llama 3.1 Typhoon 2 70B,Typhoon2-Vision ,Typhoon2-Audio,DeepSeek-Prover-V2-671B,DeepSeek-Prover-V2-7B,GLM-Z1-Rumination-32B-0414,GLM-4-9B-0414,Pleias-RAG-1B,Pleias-RAG-350m,Pleias 1.0 1.2B,Pleias 1.0 350m,Solar Pro,WizardLM 13B v1.2,Mistral Medium 3,Drahim PFM AI,Marin 8B,GR00T N1,Apriel Nemotron 15B,Claude Opus 4,Claude Sonnet 4,Gemma2 9B CPT Sahabat-AI,DCLM 7B,MAP-Neo,Pangu Ultra MoE,MiniMax-Text-01,MiniMax-VL-01,Ovis-7B,YaYi 2.0,Baichuan 2-7B,Llama 4 Maverick,SGPT BE 5.8B,ERNIE 4.5 (文心大模型4.5),Eagle 2.5,Eagle 2,Cogito 1 series,COLLECTIVE-1,Falcon-Arabic,Falcon-H1,SignGemma,DMind-1,Gemma 3n,AlphaEvolve,MiniCPM3.0,SenseNova Unified Large Model,Qwen2.5-VL-72B, Qwen2.5-VL-7B , Qwen2.5-VL-3B,Gemini 2.5 Flash,Kosmos-2.5,Kosmos-1,Mathstral,k0-math,Cambrian-1-34B,Hunyuan-TurboS,Hunyuan Turbo,Oryx 34B,xGen-MM (BLIP-3),Shanhai,Xinyu,LLaVA-CoT,Baichuan-Omni,HuaTuo,TeleChat-7B,TeleChat-3B,TeleChat-12B,Bencao Zhiku,Yan,Shishuo,LLaVA-NeXT-32B-Qwen,New Intelligent Q&A,Spark,LINGO-2,OmniFusion-7B (InternViT-6B-448px V1-2),ChatLing (灵犀大模型),Sequence Monkey (序列猴子),CongRong (从容大模型),XVERSE-MoE-A4.2B,Magistral Small,Magistral Medium,SenseChat-DataAnalysis V4,GPT3-2.7B (FlashAttention-2),GPT-2 Medium (FlashAttention),Hyena 1.3B,SenseChat-Medical V4,SenseChat-Vision V4,SenseChat 4.0,SenseNova V6,InternVL2_5-78B,InternVL2_5-38B,InternVL2_5-26B,Hyena 355M,Hyena 153M,Baichuan 1-13B,Baichuan1-7B,GAIA-1,GAIA-2,Emu2,s1-32B,rStar-Math(Qwen2.5-Math-7B base),rStar-Math(Qwen2-Math-7B base),s1.1,NPLM (AP News),Digivio (迪智伟奥DIGIVIO)


,Yuanshi (元石大模型),Gemini 2.0 Flash-Lite,Orion Star (猎户星空大模型),DeepSeek-R1-Distill-Llama-8B,DeepSeek-R1-Distill-Qwen-32B,DeepSeek-R1-Distill-Qwen-7B,Kimi Dev 72b
,MiniMax-M1-80k,Magic LLM (魔法大模型),PengCheng Mind (鹏城脑海),Zhiwei (知微大模型),Jamba 1.6 Large,Jamba 1.6 Mini,Devstral,Mistral Saba,Sonar Pro,Sonar Reasoning Pro,Sonar Reasoning,Sonar Deep Research,Amazon Nova Premier,MiniMax-M1-40k","Penn TreeBank (PTB), WikiText-2, The Pile, WMT English-German, WMT14, Gigaword, ERNIE 3.0 Corpus, CC100-XL, Common Crawl, CC100, C4, Palmyra dataset, CoNLL2017, Brown corpus, mC4, WikiText-103, COYO-700M, VQAv2, OKVQA, OCR-VQA, TextVQA, ScienceQA, LLaVA-Instruct-150k, LRV-Instruction, LLaVAR, RefCOCO, Visual7W, VisualGenome, TextCaps, Wikipedia, CulturaX, ""BookCorpus (BooksCorpus, Toronto Book Corpus)"", Dolma, WuDao Corpora, M6-Corpus, enwik8, One Billion Word benchmark, CC-News, MassiveTex, OSCAR, OPUS, CC-Stories, OpenLegalData, P3 (Public Pool of Prompts), Sogue News, SQuAD 1.1, SQuAD, NQ (Natural Questions), Chinese STS, OPENWEBTEXT, Realnews, TriviaQA, BigScience ROOTS Corpus, Pushshift Reddit, wikiHow, Stack Exchange, Super-natural Instructions, HuatuoGPT-sft-data-v1, PubMed Abstracts, NASA ADS, Corus, OpenSubtitles,  Commonsense Norm Bank, VCR , Question Answering Corpus (CNN + Daily Mail), IAM Online Handwriting Database (IAM-OnDB), AI-HUB, National Institute of Korean Language Corpus, Amazon Review Data, SkyPile, StarCoder, StarCoderData, Wikipedia (ja), Common Crawl (ja), Flan, GitHub, Japanese CC-100, Japanese C4, RefinedWeb, Project Gutenberg, xP3, databricks-dolly-15k, RedPajama-Data, Galactica Corpus, MTP, NLLB, S2ORC, CCMatrix, GSM8K, CodeContests, English Wikipedia, Arabic Wikipedia, SlimPajama, arXiv, PubMed Central, Wanjuan, TaiSu, Vicuna ShareGPT Dataset, Stable Beluga Instruction Dataset, Parsebank, Phi-3 Dataset, ArabicText 2022, Llama 3 dataset, GLaM dataset, LaMBDA dataset, YaLM Russian Dataset, RoBERTa dataset, Orca 2 Dataset, Reuters RCV1, TSL2019, MultiModal MassiveWeb, The Pile (NoPos subset), WSJ, MultiMedQA, Aya Collection, Stanford-Alpaca, Belle-3.5, books, PixMo, E5, Tulu 2, ShareGPT4V, TÜLU-V2-mix, RWKV World v2 Dataset, Capybara-DPO 7K binarized, UltraChat, UltraFeedback, Data Commons, The Stack, WizardLM, SlimOrca, airoboros datasets, WebText2, Books1, Books2, DeepSeekMath Corpus, OLMo-Mix-1124, Dolmino-Mix-1124, s1K, Gumby, WebText, PG-19 (Project Gutenberg), ERNIE 2.0 Corpus, Yayi domain, Llama 2 dataset, text8, FineWeb, RedPajama, Hermes 3, Open Hermes 2.5, OSIAN corpus, Arabic Corpus, Llama Nemotron Post Training Dataset, Typhoon 1 General Corpus, Common Corpus, Evol Instruct, DCLM-baseline, Proofpile 2, Nemotron CC, Matrix, MS MARCO, Belle-2M, Telechat - PTD, SmolLM Corpus"
Other,"Sequence memorization,Representation learning,Table tasks,Chip design","GPU DBNs,Hopfield network,Bayesian automated hyperparameter tuning,DrLIM,NTM,HOGWILD!,Random Decision Forests,NEAT,MADALINE I,Greedy layer-wise DNN training,Cognitron,Deep Boltzmann Machines,Error Propagation,Empirical evaluation of deep architectures,Semi-Supervised Embedding for DL,TD(0),Self Organizing System,Perceptron Mark I,PAPA,Multi-cause Binary Clustering,LMS,Denoising Autoencoders,Stacked Denoising Autoencoders,Hierarchical Cognitron,RAAM,Distributed representation NN,Bankruptcy-NN,Futures trading net,AlphaChip,TimeGPT-1,GNN,AlphaTensor,Agent Q","CodeSearchNet, BigQuery"
Search,Search,"MEB,Cube-Space AutoEncoder,FunSearch,RankNet,SearchGPT",
Video,"Video generation,Video compression,Action recognition,Video,Video classification,Video description,Image-to-video,Video-to-video,Text-to-video,Portrait animation","MuZero VP9,Two-stream ConvNets for action recognition,Multiresolution CNN,Gen-1,Show-1,Gen-2,Make-A-Video,Deep LSTM video classifier,LRCN,Spatiotemporal fusion ConvNet,Trajectory-pooled conv nets,TriNet,Imagen Video,Phenaki,TSN,FAST,VideoMAE V2,Swin Transformer V2 (SwinV2-G),UniPi,Sora,VideoPoet,Genie,SIMA,Xinghan Foundation Model,GroundingGPT,PaLI-X,CogVideo,Flamingo,NÜWA,Wu Dao - Wen Hui,CLIP (ViT L/14@336px),CLIP (ResNet-50),Lumiere,ERNIE 4.0,OmniVec,Gen-3 Alpha,1X World Model,Firefly Video,Veo,Movie Gen Video,Segment Anything Model 2,Stable Video Diffusion,Stable Video 4D (SV4D),Med-Gemini-M 1.5,Mochi 1,CogVideoX,Luma Dream Machine,Kling,MiniCPM-V 2.6,Pika 1.5,T2V-Turbo-v2,VideoCrafter2,Gemini 1.0 Pro Vision,Allegro,PixelDance,ByteDance Seaweed,RFM-1,Genie 2,Amazon Nova Pro,Amazon Nova Lite,Doubao Video Generation model,Gemini 2.0 Flash,Hunyuan Video,Sora Turbo,MiniMax Video-01,Hailuo I2V-01-Live,Apollo 7B,Apollo 3B,Apollo 1.5B,Cosmos-1.0-
Diffusion-14B Video2World,Gemini 2.0 Pro,NVILA 15B,NVILA 8B,Goku-8B,Kling 1.5 Pro,Goku+,Vidu 1.5,Vidu,OmniHuman-1,Gemini 2.5 Pro,X-Portrait,Wan 2.1 14B,Pyramid Flow,GPT-4.1,GPT-4.1 mini,GPT-4.1 nano,Amazon Nova Reel,Yiye Qingzhou-0.7B,Yiye Qingzhou,Yiye Qingzhou-45B,LongVU,Step-Video-T2V,Luma Ray2,Kling 2.0 Video Generation,Kling 1.6 Pro,Gen-4,Gen-3 Alpha Turbo,Gen-4 Turbo,Hailuo I2V-01-Director,Hailuo T2V-01-Director,Pika 2.2,Emu3,W.A.L.T,Animate Anyone,Animate Anyone 2,HiDream Foundation Model 3.0,HiDream Foundation Model 1.0,Veo 3,Veo 2,Hunyuan T1-Vision,Gemini 2.5 Flash,ManiGaussian,Oryx 34B,Baichuan-Omni,LINGO-2,PRISM-1,Xunguang ,SenseNova V6,GAIA-2,GAIA-1,Seaweed-7B,LLaVA-OV-7B,Amazon Nova Premier","Valley-Pretrain-703k, DiDeMo, Activitynet Captions, WebVid-2.5M, WebVid-10M, Something-Something v2 (SSv2), VTP, HD-VILA-100M, VidGen-1M, OpenVid-1M, HD-VG, Panda-70M, Pexels, WayveScenes101 Dataset, YT-Storyboard-1B"
3D modeling,"3D segmentation,3D reconstruction,Aerodynamics simulations","3D city reconstruction,PointNet,Inflated 3D ConvNet,PointNet++,Motion-Driven 3D Feature Tracking,Mono3D++,Photo-Geometric Autoencoder,OmniVec,Stable Video 4D (SV4D),Stable Video 3D (SV3D),Hunyuan3D 2.0,SHIFT-SUV,DoMINO,Genie 2,HiDream Foundation Model 3.0,HiDream Foundation Model 1.0,Oryx 34B,PRISM-1","Gibson, Matterport3D (MP3D), ModelNet40, SUN RGB-D, Objaverse, CT-US1, SHIFT-SUV, DrivAerML"
Driving,Helicopter driving,"Boss (DARPA Urban Challenge),Stanley (DARPA Grand Challenge 2),RL for helicopter flight,Sandstorm (DARPA Grand Challenge I),ALVINN,Truck backer-upper,Long-Range Autonomous Off-Road Driving System,LINGO-2",
Materials science,"Crystal discovery,Molecular simulation,Small molecule property prediction,Atomistic simulations,Materials design,Molecular property prediction,Molecular representation learning","GNoME for crystal discovery,Ceramic-MLP,GenMS,MACE-MP-0,Mdgen,MolPath,MatterSim (M3GNet - MatterSim-v1.0.0-5M),M3GNet,MatterSim (Grpaphomer),MatterGen,MEGNet (molecule model),MEGNet (crystal formation energy model),MEGNet (crystal band gap model),MEGNet (crystal elasticity model),PFP,GemNet-OC ,GemNet-T (OC20)","ICSD (inorganic crystal structure database), Materials Project, Alexandria, Open Catalyst 2020 (OC20)"
Audio,"Audio generation,Transcription,Speech completion,Audio question answering,Audio classification","MusicGen,RNN (SGD+CLR),Lyria,AudioGen,EnCodec,MultiBand Diffusion,MAGNeT,VALL-E,AudioLM,MusicLM,Qwen-Audio-Chat,Voice Engine,VideoPoet,Gemini Nano-2,Gemini Nano-1,ImageBind,Gemini 1.5 Flash,GPT-4o,Audioseal,Qwen2-Audio,Suno Music Generation,Movie Gen Audio,MuseNet,Suno Bark Model,Suno v3,Suno v4,Fugatto 1,Gemini 2.0 Flash,Gemini 1.5 Flash 8B,Gemini 2.0 Pro,OmniHuman-1,SauTech,DolphinGemma,Whale Bioacoustics Model,Bird Vocalization Classifier (Perch),Typhoon2-Audio,SaudiTech,NatureLM-audio,Baichuan-Omni,Tiangong SkyMusic,Lyria RealTime","Free Music Archive, Wavcaps, VGGSS, Clotho, AudioSet, FSD50K, Jamendo, MTG-Jamendo, Pacific Islands Passive Acoustic Network (PIPAN) 10kHz Data, XenoCanto"
Earth science,"Weather forecasting,Cloud monitoring / analysis,Flood Mapping,Wildfire Mapping,Crop Mapping / Segmentation","MetNet,GraphCast,Pangu-Weather,Prithvi-100M,Aurora,GenCast,Prithvi WxC,Prithvi-EO-2.0 600M,Prithvi-EO-2.0 300M","HLS / Harmonized Landsat and Sentinel-2, ERA5"
Biology,"Protein folding prediction,Drug discovery,Protein generation,Protein or nucleotide language model (pLM/nLM),Protein pathogenicity prediction,Proteins,Protein interaction prediction,Protein inverse folding,Synthetic accessibility model,Other Biological Modeling,Protein contact and distance prediction,Cell segmentation,Protein design,Protein-RNA binding affinity prediction,Molecular screening,RNA structure prediction,RNA splice-site prediction,Mean ribosome load prediction,RNA-Protein interaction prediction,RNA sequence generation,Allergenic Protein Prediction,Protein question answering,Protein localization prediction,Protein classification,Protein-ligand binding affinity prediction,Protein structure similarity prediction,Enzyme-catalyzed reaction classification,Protein property prediction,Protein function prediction,Protein structure comparison,Protein-ligand contact prediction,Protein embedding,Protein fold classification,Protein representation learning,Nucleotide generation,Enzyme function prediction,Antibody property prediction,RNA design,Protein nucleotide interaction prediction,Mutation prediction,Gene expression profile generation,Cell Biology,Protein protein binding affinity prediction,Drug Sensitivity Prediction,Gene expression enhancement,Protein stability prediction,Antibody epitope prediction,Spatial Transcriptomics,Codon optimization,Immunogenic Neoantigen Prediction,Human physiology,Bacteriophage screening,Codon design,Toxin prediction,Plasmid Design,Protein-DNA binding prediction,Cell-cell interaction prediction,Virus-host association prediction,Enzyme substrate pair prediction,Signal peptide prediction,Cryo-EM image reconstruction,Transcriptomic prediction","Galactica,ProtT5-XXL,Wu Dao - Wen Su,ProGen,AlphaFold,AlphaFold 2,Ankh_large,ZymCTRL,ESM2-15B,DistilProtBert,DARK,ProteinBERT,ESM1-670M (UR50/S),ProBERTa,TAPE Transformer,MSA Transformer,Ankh_base,AbLang (heavy sequences),AlphaFold-Multimer,AlphaMissense,DNABERT,BERT-RBP,CaLM,DeepConPred2,DMPFold,DNA Fine-Tuned Language Model (DFLM),DNCON2,ESM1-670M (UR50/D),ESM1-670M (UR100),ESM1-85M,ESM1-43M,ESM1b,ESM1v,ESM2-3B,ESM2-650M,ESM2-150M,ESM2-35M,xTrimoPGLM -100B,ESM2-8M,Eve,Vespa,UniRep,UDSMProt,TripletRes,Tranception,TranceptEve,SPIDER2,SeqVec,RoseTTAFold All-Atom (RFAA),Rita-XLarge,RaptorX-Contact,ProtT5-XXL-BFD,ProtGPT2,ProteinLM,ProteinGAN,ProteinDT,ProtBERT-BFD,ProGen2-xlarge,PeptideBERT,OntoProtein,Fold2Seq,GenSLM,GGNN,gLM,HyenaDNA,LEP-AD,LLaMA-7B (protein-oriented instruction-tuned),Nucleotide Transformer,OmegaPLM,SACHS,Hopfield Networks (2020),EquiDock,DiffDock,MegaMolBART,Evo,DeepSA,EXAONE 2.0,Golem,ESM3 (98B),ESM3-open-small,Genie 2 (bio),AlphaFold 3,AlphaProteo,o1-preview,VISTA-2D,RFdiffusion,RESP AI,MoLFormer-XL,CoPRA,DrugCLIP,DiffPepBuilder,RiNALMo,RoseTTAFold2-Lite,ProtRNA,RNAdiffusion,AminoAcid-0,AtomFlow,DiffSBDD (CrossDocked),dnaGrinder,Protein-Mamba,PepINVENT,MoEFold2D,AFP-Deep,RNA-DCGen,ProteinSetTransformer,ProtBFN,PreAlgPro,ProTrek,Protst,ProteinGenerator,ProteinStructureTransformer,ProtChatGPT,ProtT3,ProLLaMA,Structure-Informed Protein Language Model,PoET,ESM-AA,MULAN,PTM-Mamba,JURA Bio Model,scHyena,OmniGenome,ProtBERT-UniRef,CPCProt,MuPIPR,Profile Prediction,PMLM-large,PLUS-RNN,CARP,AminoBert,CELLE-2,GraphMS,CRL,STEPS,LM-GVP,DeepFRI,HJRSS,GraSR,CPAC,MIF-ST,SSA,PeTriBERT,GearNet,ESM-GearNet,SaProt,KeAP,MASSA,ProteinINR,ProCALM (Uniref9B),MLDD3UTRmRRNAS,CHAI-1,Genesis,CLEAN-Contact,SCUBA-D,AF_unmasked,SO3LR,InstructPLM,Prothyena,LM-Design,Protllm,DiffPALM,LLPS,FoldFlow2,ProteinChat,DiffDock-PP,DiffBindFR,Re-Dock,RoBERTa (PFAM),eFold,RNA-FM,ProstT5,SI-PLM,ALICE,HaloClass,PROPERMAB,Yuel 2,vScreenML 2.0,MolPath,P-LLama3,Deep Learning Enabled Discovery of Kinase Drug Targets in Pharos,HelixFold,OmniNA,Machine learning a model for RNA structure prediction,RNA-FrameFlow,GPT-MolBERTa,MahLool,PLAPT,SYNTERACT,Genie-SCOPe (bio),ProteinSGM,NAEPro,Improved motif-scaffolding with SE(3) flow matching,ProRNA3D-Single,CrossBind,MBP,PepPrCLIP,PepMLM,CLAPE-DB,MsPBRsP,HelixProtX,EvoBind2,PepGLAD,RNA-MSM,ERNIE-RNA,RNA language models predict mutations that improve RNA function,Uni-RNA-L8,RNAformer,RiboDiffusion,RNADiffFold,DiscDiff,DDPM,DDIM,RNACG,PocketGen,FoldFlow,GraphBP,ProteinReDiff,Alphaflow,AutoDiff,BindDM,BADGER,DecompDiff,Molecular Diffusion Models with Virtual Receptors,ShapeMol,ProSST,SS-pLM,PLLaMa,METL-Global,Prot2Token,ESM-NBR,scFormer,LBSTER,OPUS-Design,Mdgen,ProteinMPNN,Innovative Drug-like Molecule Generation from,Lightweight Fine-tuning a Pretrained Protein Language Model for Protein Secondary,Beyond ESM2: Graph-Enhanced Protein Sequence Modeling with Efficient,HelixFold3,RENNAISSANCE,AntiFormer,ChatMol,ParetoDrug,DTI-LM,Reinvent 4,DrugFormer,CHIEF,Integrating Deep Learning and Synthetic Biology: A Co-Design Approach for Enhancing Gene Expression via N-Terminal Coding Sequences,µFormer,EnOpt,GearBind,ProtSSN,Rethinking Molecular Design: Integrating Latent Variable and Auto-Regressive Models for Goal Directed Generation,AF2RAVE,EvolMPNN,MolMVC,SAAMBE-MEM,DDGemb,RiboCode,Pro-PRIME,DiffForce,Precious3GPT,Chemistry42,ProteinMPNN-DDG,ESMIF-DDG,PDFII,ESM-DBP,EpiScan,VespaG,AlphaLink,MMAPLE,KinoML,CPDiffusion,IEV2MOL,AbGPT,MPDF,PocketVec
,EITLEM-Kinetics,Automated design of multi-target ligands by generative deep learning,4D Diffusion for Dynamic Protein Structure Prediction with Reference Guided Motion Alignment,IDPFold,Novae,CodonTransformer,Text2Protein,PLTNUM,LEGO,MolSnapper,UdanDTI,FvFold,MolPhenix,MassiveFold,NeoaPred,ConfRank,DeepRelax,GraphEC,DeepUrfold,pKALM,GeoSeqBuilder,McMLP,IgGM,ProtENN2,ExSelfRL,TAWFN,DrugTar,Thermostable protein design,ProTeM,Jaeger,Importance of higher-order epistasis in large protein sequence-function relationships,MTDP,AlphaMut,Mothra,GeoAB,ChemNet,PPFlow,TxGNN,SeaMoon,BetterBodies,KnoMol,SPOT,CodonMPNN,DFMDock,ConoDL,DeepREAD,PepNet,stFormer,Loop-Diffusion,FragLlama,PocketFlow,FlexSBDD,BindCraft,EnzymeFlow,PlasmidGPT,Uni-RNA-L-24,Uni-RNA-L12,Uni-RNA-L16,MPNNsol,BiosimDock,ESMFlow,BaseFold,HiFi - NN,MoLeR,EGNN,EPInformer,BTFBS,GITIII,PrePR-CT,sgRNAGen,DRGN-AI,DualNetGO,EvoMIL,CLR_ESP,SignalP 6.0,PARM,FABind,TransFew,Deep learning linking mechanistic models to single-cell transcriptomics data reveals transcriptional bursting in response to DNA damage,CryoChains,AMPLIFY,CryoDRGN,Evo 2 40B,Evo 2 7B,GPT-4b micro,Genetic algorithm,P-Llama2,P-LLama3,TxGemma 2B,TxGemma 9B,TxGemma 27B,OpenPhenom-S/16,Uni-Mol Molecular Model,ProGen2-base,ChemBERTa,P-gemma,P-Mistral,Deep-LDA,ProtT5-XL-U50,Boltz-1,TranscriptFormer,H-optimus-0,MP4,BiRNA-BERT,Boltz-2","DIPS, DB5.5, ZINC 15, UniRef50, RBPSuite, UniRef90, PDB (Protein Data Bank), BFD (Big Fantastic Dataset), MGnify, UniRef30 (FKA UniClust30), UniProtKB, UniRef100, UniParc, SIDER, ChEMBL, OpenGenome, European Nucleotide Archive (ENA), Metaclust, ESM3 Dataset, Human Reference Genome (GRCh38/hg38), Mol instructions, Cambridge Structural Dataset,  AlphaFold database (AFDB), BRENDA, ConSurf10k, Eff10k, PMD4k, DMS4, DMS39, ProteinGym, Observed Antibody Space (OAS) database, BV-BRC, SARS-CoV-2 genome dataset, ProteinKG25, BFD30, UK Biobank, PubChem, PDBbind, BRD (Basecamp Research Data), GuacaMol, OpenGenome 2, Uniref9B, Therapeutic Data Commons (TDC), Uni-Mol Molecular pre-train dataset, UniProtKB/Swiss-Prot, MISATO, ATLAS, mdCATH, BindingDB, Ligand Discovery at CeMM, MIDAS, Rfam 14, R-SIM, VDJdb"
Mathematics,"Automated theorem proving,Periodic function approximation,Pattern classification,Triplet completion,Dimensionality reduction,Numerical simulation,Binary classification,Regression,Geometry,Mathematical simulation,Mathematical reasoning","Peephole LSTM,Innervator,MADALINE II,Back-propagation,Kohonen network,AlphaGeometry,CoRe,GPT-2 (AMPS),Linear Decision Functions,MuggleMath,AlphaProof,AlphaGeometry 2,Genetic algorithm,Statement Curriculum Learning,Gradient Boosting Machine,node2vec,o1-preview,o1,INTELLECT-MATH,Mathstral,Eurus-2-7B-PRIME,k0-math,Llemma 34B,Llemma 7B,OREAL 7B,OREAL 32B","Auxiliary Mathematics Problems and Solutions (AMPS), GSM8K, WebMath, DeepMind Mathematics, MATH, DeepSeekMath Corpus, MetaMathQA, NuminaMath, Proofpile 2"
Medicine,"Drug discovery,Medical diagnosis,Prediction of hospital stay duration,Prediction of diabetic heart failure (DHF),Prediction of onset of pancreatic cancer (PaCa),Mortality prediction,Cancer diagnosis,Human physiology","DIABETES,Hopfield Networks (2020),MegaSyn,Mitosis,MedBERT,life2vec,Cancer drug mechanism prediction,Decision tree adaline,BiomedGPT (182M),Med-Gemini-M 1.5,Med-Gemini-2D,Med-Gemini-3D,Med-PaLM,Med-PaLM 2,MindEye2,improved U-Net for chest X-ray images segmentation,BiosimDock,AMIE (Articulate Medical Intelligence Explorer),Derm Foundational Model,CXR Foundation,ELIXR-C,ELIXR-B,MedGemma,H-optimus-0,CHIEF","MIMIC-III Critical Care Database, National Patient Registry (LPR), Labour Market Account (AMRUN), Cerner Health Facts, Slake-VQA, Path-VQA, ROCO (Radiology Objects in COntext), PAD-UFES-20, MIMIC-CXR, CXR-US2, CT-US1, UK Biobank, MultiMedQA, Natural Scenes Dataset (NSD) , NIH Chest X-ray Dataset, JSRT Dataset, Montgomery County (MC) Dataset, GuacaMol, Therapeutic Data Commons (TDC)"
Astronomy,,AstroOne,
,,,
