Task,Domain,All ML Systems,Description
Chess,Games,"Distilled Grandmaster,Deep Blue,NeuroChess,AlphaZero,Student of Games",
Shogi,Games,AlphaZero,
Go,Games,"AlphaGo Zero,AlphaGo Master,AlphaGo Lee,AlphaGo Fan,KataGo,AlphaZero,Student of Games",
Checkers,Games,"Samuel Neural Checkers II,Samuel Neural Checkers",
Backgammon,Games,TD-Gammon,
Tic Tac Toe,Games,"GLEE,MENACE",
Maze solving,Games,"SNARC,Theseus",
Open ended play,Games,"GOAT,Adaptive Agent,DreamerV3",
Hide and seek,Games,Hide and Seek,
Capture the flag,Games,"FTW,Population-based DRL",
DOTA,Games,OpenAI TI7 DOTA 1v1,
Atari,Games,"Rational DQN Average,Agent57,CURL,Go-explore,MuZero,IMPALA,NoisyNet-Dueling,A3C FF hs,DQN-2015,Advantage Learning,HyperNEAT,DQN,Gato,TRPO,Elastic weight consolidation,EfficientZero,Diamond",
Poker,Games,"Pluribus,Libratus,DeepStack,Student of Games,SmooCT",
Blackjack,Games,Punish/Reward,
Hanabi,Games,Hanabi 4 player,
Pole balancing,Robotics,"Adaptive Broom Balancer,ASE+ACE,BOXES,NEAT",
Action recognition,Video,"Inflated 3D ConvNet,TSN,Trajectory-pooled conv nets,Spatiotemporal fusion ConvNet,VideoMAE V2,Swin Transformer V2 (SwinV2-G),SIMA,LLaVA-OV-7B,LLaVA-OV-72B,GR-2",
Image classification,Vision,"LiMoE,BaGuaLu,Meta Pseudo Labels,MnasNet-A1 + SSDLite,MnasNet-A3,Decoupled weight decay regularization,ResNet-50 Billion-scale,ResNeXt-101 Billion-scale,EfficientNet-L2,FixRes ResNeXt-101 WSL,Noisy Student (L2),Big Transfer (BiT-L),AmoebaNet-A (F=448),AmoebaNet-A (F=190),ResNeXt-101 32x48d,GPipe (Amoeba),Prototypical networks,NASNet-A,Cutout-regularized net,SENet (ImageNet),PNAS-net,Xception,Inceptionv4,Inception-ResNet-V2,SqueezeNet,DenseNet-264,ResNet-1001,Wide Residual Network,ResNeXt-50,PolyNet,GAN-Advancer,MSRA (C, PReLU),ResNet-152 (ImageNet),GoogLeNet / InceptionV1,Deeply-supervised nets,Inception v3,ResNet-110 (CIFAR-10),SPPNet,ADAM (CIFAR-10),Fisher Vector image classifier,Maxout Networks,OverFeat,AlexNet,Dropout (ImageNet),Statistical Shape Constellations,Support Vector Machines,EfficientNetV2-XL,Unsupervised High-level Feature Learner,Big-Little Net,Fisher Kernel GMM,Low-Cost Collaborative Network,ResNet-200,CoCa,CoAtNet,SimpleNet,LaNet-L (CIFAR-10),OR-WideResNet,PyramidNet,Fractional Max-Pooling,Spatially-Sparse CNN,BASIC-L,BASIC-L + Lion,TCN (P-MNIST),ViT-G/14 (LiT),ViT-G (model soup),RBM Image Classifier,Binarized Neural Network (MNIST),Adversarial Joint Adaptation Network (ResNet),OmniVec,ONE-PEACE,ImageBind,Super-vector coding,Perceptron (1960),ShuffleNet v1,JFT,VGG16,MobileNetV2,PNASNet-5,Visualizing CNNs,Self-Attention and Convolutional Layers,ResNet-RS,Fisher-Boost,Diabetic Retinopathy Detection Net,Once for All,Network in Network,Optimized Single-layer Net,Spatial Pyramid Matching,ProxylessNAS,Bayesian object categorizer,AlexNet + coordinating filters,Fuyu-8B,CLIP ViT-H/14 - LAION-2B,Detic,ViT + DINO,ViT-22B,Swin Transformer V2 (SwinV2-G),InternImage,EVA-01,BEIT-3,Mobile V-MoEs,DeiT-B,Masked Autoencoders ViT-H,SEER,AlphaX-1,ViT-G/14,Credibilty Network,ALIGN,Piecewise linear model,MLP baggage detector,DistBelief Vision,SexNet classification,Mixture of linear models,Siamese-TDNN,Highway Network,GELU for CIFAR-10,Florence,Hybrid CNN/SVM Object Categorizer,Deep rectifier networks,BatchNorm,NASv3 (CIFAR-10),Elastic weight consolidation,MobileNet,ShuffleNet v2,Transformer local-attention (NesT-B),SimCLRv2,Unified-IO (XL),Deconvolutional Network,BLSTM for handwriting (1),data2vec (vision),Conv-DBN,Sparse digit recognition SVM,Stacked Denoising Autoencoders,Local Binary Patterns for facial recognition,Sparse Vision Encoding,Max-Margin Markov Networks,Unsupervised Scale-Invariant Learning,Deep Boltzmann Machines,Random Decision Forests,Semi-Supervised Embedding for DL,Cognitron,Error Propagation,Empirical evaluation of deep architectures,Greedy layer-wise DNN training,Denoising Autoencoders,MADALINE I,Graph-based structural reasoning,BiomedGPT (182M),LMS,Dropout: SVHN,VGG19,YOLOv8 (reCAPTCHA fine-tuned),Two Stage Feature Extraction (MNIST),Graph-based Semi-Supervised Learning (GSSL) Model on MNIST,CNN Committee (NIST),CNN Committee (MNIST),High Performance CNN,Pooling CNN (Caltech 101),Pooling CNN (NORB),CNN committee (traffic sign),SVM-CNN,3-ensemble of Self-ensembles on CIFAR-100,SigLIP 400M,SigLiT,MobileCLIP-B (LT),DL scaling Image,ResNet-101 (ImageNet),DLDL (PASCAL),EVA-CLIP (EVA-02-CLIP-E/14+)																											,Flexi-JEST++,JEST++,Florence-2-B (base),Florence-2-L (large),HiPPO-LegS,SigLIP, InternVL,Derm Foundational Model,Big Transfer (BiT-M),EfficientNet-B1,CXR Foundation,ELIXR-C,ELIXR-B,Kosmos-1,JEST-L++,SILC-S* (86M),SILC-S,CHIEF",
Object detection,Vision,"EfficientDet,MnasNet-A1 + SSDLite,MnasNet-A3,YOLOv3,RetinaNet-R50,RetinaNet-R101,R-FCN,MS-CNN,RefineNet,YOLOv2,Fast R-CNN,Faster R-CNN,YOLO,Selective Search,R-CNN (T-net),6-Act Tether,SemExp,DD-PPO,DETR,ShuffleNet v1,JFT,MobileNetV2,Multiscale deformable part model,Detic,Unified-IO (XL),YOLOX-X,ViT-22B,EVA-01,BEIT-3,AlphaX-1,InternImage,Mono3D++,Florence,Vision-based obstacle avoidance system (2005),SSD,Histograms of Oriented Gradients,MobileNet,ShuffleNet v2,Mitosis,LMICA,GPU implementation of neural networks,SVM for face detection,Motion-Driven 3D Feature Tracking,Optimized Multi-Scale Edge Detection,YOLOv8x,YOLOv9-E,YOLOv10-X,Llama 3.2 11B,Llama 3.2 90B,iCCCP,OmniParser: Interactable Region Detection Model,CompACT-Deep,Florence-2-B (base),Florence-2-L (large),TA-CNN,SAF R-CNN,InternVL1.5,Gemini Robotics,YOLOv11,PaliGemma 3B Mix 224,PaliGemma 3B Mix 448,Gemini Robotics-ER,CHIEF",
Object recognition,Vision,"ResNet-152 + ObjectNet,Domain Adaptation,ReLU (NORB),Attend-Infer-Repeat,Ferret (13B),Big-Little Net (vision),Hopfield Networks (2020),Textual Imager,Mid-level Features,Invariant CNN,Hybrid CNN/SVM Object Categorizer,Translation-invariant MLP,LCNP LabelMe,LCNP MNIST,LCNP NORB,Gemini Robotics,LLaVA-OV-7B,LLaVA-OV-72B,PaliGemma 3B Mix 224,PaliGemma 3B Mix 448,Gemini Robotics-ER",
Image segmentation,Vision,"Mask R-CNN,DeepLab (2017),PSPNet,CRF-RNN,Multi-scale Dilated CNN,Fully Convolutional Networks,DeepLab,Segment Anything Model,MobileNetV2,InternImage,Selective Search,YOLOv8 (reCAPTCHA fine-tuned),DNN EM segmentation,U-Net,PaliGemma 3B Mix 224,PaliGemma 3B Mix 448,Segment Anything Model 2,SILC-S* (86M),SILC-S",
Video classification,"Vision,Video","Two-stream ConvNets for action recognition,Multiresolution CNN",
Document classification,"Language,Vision","LDA,GBERT-Large,German ELECTRA Large,tsuzumi 7B upgrade 2024,Kosmos-2.5,Kosmos-1",
Character recognition,"Vision,Language","CapsNet (MNIST),CapsNet (MultiMNIST),Dropout (MNIST),MCDNN (MNIST),Dropout (CIFAR),6-layer MLP (MNIST),BLSTM for handwriting (2),Deep Belief Nets,LIRA,CNN Best Practices,Perceptron for Large Margin Classification,LeNet-5,Zip CNN,Neocognitron,Pattern recognition and reading by machine,Sequence-based pattern recognition,TFE SVM,Sparse Energy-Based Model,TrOCR,Credibilty Network,Print Recognition Logic,CLIP (ViT L/14@336px),CLIP (ResNet-50),PaLI-X,ISR network,Qwen2-VL-72B,Qwen2-VL-2B,Qwen2-VL-7B,MiniCPM-V 2.6,ColPali,InternVL1.5,Yi Vision,Phi-4-Multimodal,QVQ,QVQ-Max,Mistral OCR,DeepSeek-VL-7B
,DeepSeek-VL-1.3B,Qwen2.5-VL-72B, Qwen2.5-VL-7B , Qwen2.5-VL-3B,Claude Sonnet 4,Claude Opus 4,Kosmos-2.5,Kosmos-2,Cambrian-1-34B,xGen-MM (BLIP-3),SenseChat-Medical V4,SenseNova V6,Multitask Unified Model (MUM),Amazon Nova Premier,Amazon Nova Lite,Amazon Nova Pro",
Digit recognition,"Vision,Language","Feedforward NN,Diffractive Deep Neural Network,Handwritten Digit Recognition System,Boosting,LISSOM,PoE MNIST,AdaBoost.M2 Digit Recognition",
Image completion,"Image generation,Vision","iGPT-XL,iGPT-L,SimCLR,CPC v2,AMDIM,BigBiGAN,MoCo,Rotation,MUSIC perceptron",
Image generation,Image generation,"BigGAN-deep 512x512,Spectrally Normalized GAN,WGAN-GP,ProgressiveGAN,BPL,GANs,DALL·E 3,Midjourney V1,Diffusion-GAN,Projected GAN,ADM,PG-SWGAN,DDPM-IP (CelebA),DiT-XL/2 + Discriminator Guidance,Discriminator Guidance,CTM (CIFAR-10),360 Smart Brain,Honghu Graphic,Consistency Decoder,LDM-1.45B,DiT-XL/2 + CADS,DiT-XL/2,GLIDE,Pangu 3.0,Unified-IO (XL),Samsung Gauss Image,Firefly,eDiff-I,Emu1 (BAAI),OpenFlamingo,Otter,CogView2,PIXART-α,Masked Autoencoders ViT-H,Denoising Diffusion Probabilistic Models (LSUN Bedroom),Stable Diffusion 3,Stable Diffusion (LDM-KL-8-G),Stable Diffusion XL (SDXL),Taiyi-Stable Diffusion,MosaicML Diffusion,ruDalle: Kandinsky 3.0,ruDalle: Kandinsky 3.1,Imagen 2,DreamLLM,EXAONE 2.0,ImageBind,NÜWA,Wu Dao 2.0,Wu Dao - Wen Hui,M6-10B,M6-100B,Amazon Titan,YaART,GPT-4o,RQ-Transformer (LSUN-cat dataset),GLM-4,ERNIE 4.0,GPT-4 Turbo,Emu (Meta),Flux.1 [pro],Flux.1 [dev],AltCLIP_M9,Draw,Layer Normalization: Draw,Layer Normalization: Handwriting sequence generation,Image-to-image cGAN,DALL-E mega,ERNIE-ViLG,StarGAN v2,Transformer local-attention (NesT-B),Imagen 3,Stable Video Diffusion,OmniGen,ERNIE-ViLG 2.0,Stable Diffusion 3 Medium,Hunyuan,KeTu (Kolors),MindEye2,TiTok-L,SeedEdit,GAWWN,Doubao Text-to-Image Model,Doubao Image-to-Image generation model,Luma Photon,FLUX1.1 [pro] Ultra,FLUX1.1 [pro] Raw,Hunyuan-DiT,Ideogram v2,Midjourney V6.1,DALL-E,Parti,DTN (Domain Transfer Network),Janus-Pro-7B,Janus-Pro-1B,Step-1X,Recraft V3,Stable Diffusion 3.5 Large,Stable Diffusion 3.5 Large Turbo,Goku-8B,Infinity,PixelCNN,Midjourney V7,4o Image Generation,Kolors 2.0 Image Generation,Meissonic,DALL·E 2,GigaGAN,Wuerstchen,Imagen,Emu3,OutfitAnyone,HiDream-I1,HiDream Foundation Model 3.0,HiDream Foundation Model 1.0,Lumina-Image-2.0,Amazon Nova Canvas,SenseMirage V4,Emu2,StyleGAN3-T,StyleGAN3-R,StyleGAN,StyleGAN2",
Image super-resolution,"Vision,Image generation","Residual Dense Network,RCAN,ESRGAN,DnCNN,SRGAN,EDSR,Symmetric Residual Encoder-Decoder Net,Deeply-recursive ConvNet,EnhanceNet",
Text classification,Language,"ULM-FiT,DBN for NLP,MV-RNN,XLM-RoBERTa,MedBERT,Qwen-Audio-Chat,SciBERT,VDCNN (on Amazon Review Full dataset),AWD-LSTM-MoS + dynamic evaluation (PTB, 2018),Adaptive Subgrad,DMN,fastText,GPT-1,AWD-LSTM-MoS + dynamic evaluation (WT2, 2018),GPT-2-Medium+Pixelfly,HyperCLOVA 82B,FMMformer (2-kernel fast weight + Band20),VLM-4,Unified-IO (XL),HOGWILD!,Recursive sentiment autoencoder,Polarity Classifier,Max-Margin Markov Networks,Semi-Supervised Embedding for DL,Error Propagation,Lyra-Fr 10B,MADALINE I,Doubao-pro,Granite 3.0 8B,Granite 3.0 2B,Granite 3.2 2B ,Drahim PFM AI",
Named entity recognition,Language,"Named Entity Recognition model,XLM-RoBERTa,Kosmos-2,GBERT-Large,German ELECTRA Large,ReALM,FinGPT-13B,Engine-Medium(NE),Engine-Base (NE),Engine-XL(NE),GPT2+CoreLM+Fine-Tuning",
Semantic embedding,Language,"Constituency-Tree LSTM,GloVe (6B),GloVe (32B),Word2Vec (large),Word2Vec (small),SimCSE,Cohere Embed,bge-reranker-large,Multilingual-E5-large,DistBelief NNLM,Vector Space Model,DeViSE,SGPT BE 5.8B",
Instruction interpretation,Language,"RL mapping instructions (games),RL mapping instructions (troubleshooting),CogAgent,Tk-Instruct,Claude 3.7 Sonnet,GPT-4.5,Gemini Robotics,Computer-Using Agent (CUA),o3,o4-mini,GPT-4.1,GPT-4.1 mini,GPT-4.1 nano,Gemini Robotics-ER,GR-2,Claude Sonnet 4,Claude Opus 4,LINGO-2,GAIA-1,GAIA-2,Devstral,Amazon Nova Premier",
Text autocompletion,Language,"Megatron-LM (1T),Switch,GPT-3 175B (davinci),Meena,ELECTRA,Theseus 6/768,MobileBERT,SqueezeBERT,T5-11B,T5-3B,DistilBERT,NPLM (Brown),Turing-NLG,Emu1 (BAAI),GPT-3 2.7B,GPT-3 6.7B,GPT-3 13B,GPT-3 Large,GPT-3 Medium,GPT-3 Small,GPT-3 XL,BERT-Large,Claude Sonnet 4,Claude Opus 4,NPLM (AP News)",
Language modeling/generation,Language,"WeLM,VLM-4,Orca 2-13B,Pangu 3.0,Flan-PaLM 540B,Flan-T5 11B,Calm2-7B,StableLM-2-1.6B,Refact-1.6B,Poro 34B,XGLM-7.5B,NeMO Megatron GPT 20B,Stockmark-13B,PLaMo-13B,Weblab-10B,LightOn Mini,gpt-sw3-40b,InternLM2-20B,Aya,Stable Code 3B,PolySphere-1,Falcon-7B,LongNet,tsuzumi 7B,Unified-IO (XL),Cohere Command,Multitask Unified Model (MUM),Samsung Gauss Language,WizardLM 70B,NEC LLM 13B,Karakuri LM,GPT-NeoX-Japanese,Japanese-GPT-1B,BIG-G 137B,Xinghan Foundation Model,Mesh-TensorFlow Transformer 4.9B (language),Mesh-TensorFlow Transformer 2.9B (translation),Volcano 13B,LLaVA + LVIS-INSTRUCT4V,CamemBERT,DreamLLM,Command R+,Viking,MegaScale (175B),MegaScale (530B),MegaScale (Production),Mixtral 8x22B,Reka Core,Reka Flash,Stable LM 2 12B,OLMo-7B,Llama 3-70B,Llama 3-8B,Griffin,Hawk,phi-3-mini 3.8B,phi-3-medium 14B,LIMA,SenseChat 5.0,GroundingGPT,ImageBind,AltCLIP_M9,M6-10T,Zidong Taichu,Wu Dao - Wen Hui,Perceiver IO (optical flow),VARCO LLM 2.0 base,VARCO LLM 2.0 small Finetuning,VARCO LLM KO/EN-13B-IST ver.1,Konan LLM 13B,Konan LLM 41B,LMRec,Amazon Titan,Claude 3 Sonnet,Claude 3 Haiku,Claude 3 Opus,Chameleon-34B,ST-MoE,Yi-Large,FragLlama: Next-fragment prediction for molecular design,ruGPT-3.5 13B,FRED-T5-XL,tsuzumi 7B upgrade 2024,RWKV-4 World (7B),XVERSE-65B-2,OPT-1.3B,OPT-1.3B (finetuned on PTB),OPT-1.3B (finetuned),OPT-2.7B,OPT-2.7B (finetuned on PTB),OPT-2.7B (finetuned on WT2),OPT-6.7B,OPT-30B,OPT-66B,OPT-125M (finetuned on PTB),OPT-125M (finetuned),OPT-175B,OPT-350M,Qwen2-72B,Jamba,Jurassic-1-Jumbo,Jurassic-X,BGE-M3 Embedding,Swallow,Elyza,MuggleMath,MiniGPT4 (Vicuna finetune),MiniGPT4 + LRV-Instruction,Xiaoice,Polyglot-Ko-12.8B,GPT-2 (774M),GPT-2 (355M),GPT-2 (124M),GPT-3 175B (davinci),PaLM 2,GPT-2 (1.5B),PaLI,TRIMELMext (7M),TRIMELMlong (150M),PAGnol-XL,Subformer (83M),AWD-LSTM - 3-layer LSTM (tied) + continuous cache pointer (PTB),XVERSE-13B-2,mT0-13B,BLOOMZ-176B,Nemotron-4 340B,TigerBot-70B,DeBERTa,ALBERT-xxlarge,FLAN 137B,DeBERTaV3large + KEAR,LMSI-Palm,Inflection-2,GLaM,FinGPT-13B,Tongyi Qianwen 2.0,Nanbeige-16B,Table-GPT,PanGu-α,Skywork-13B,Qwen-14B,Qwen-7B,BlueLM 7B,Granite 13B,Spark 3.0,GLM-4 (0520),GLM-4V-9B,GLM-4,Mi:dm 200B,TinyLlama-1.1B (3T token checkpoint),TinyLlama-1.1B (1T token checkpoint),NASA SMD,GPT3-6.7B (rerun of original),GPT2-Large+LHOPT,GPT-4o,Samba 3.8B,Falcon 2 11B,mPLUG-Owl2,LingoWhale-8B,Yuan 2.0,PPLX-70B-Online,Aquila2 34B,ERNIE 3.5,ERNIE 3.0 Titan,ERNIE 3.0,ERNIE-Doc (247M),ERNIE-Doc Base (151M, WT103),ERNIE-GEN (large),ERNIE 4.0,StripedHyena-Hessian-7B,Jiutian,OpenChat 3.5-7B,Nemotron-3-8B,Cohere Command Light,Yi-34B,GPT-4 Turbo,Mistral NeMo,DeepSeek-V2 (MoE-236B),GLM-130B,Transformer-XL + FWL,GPT-2 + Progressive LRD,GPT-3.5 Turbo,Hybrid H3-1.3B,Llama 3.1-405B,Vicuna-7B v0,Vicuna-13B v0,Gemma 1.1 7B Instruct,Mistral Large 2,GPT-4o mini,AFM-on-device,AFM-server,Mamba2-Hybrid,UL2,InstructGPT 175B,RETRO-7B,GPT-NeoX-20B,Primer,Fairseq-dense 13B,T5-11B,B2T connection (16L),DITTO,Gopher (7.1B),Claude 3.5 Sonnet,Command R,HSO,LaMemo,LSTM+GraB,BlueLM 70B,BlueLM 130B,BlueLM 175B,Grok-0,Grok-2,Grok-2 mini,Llama 3.1-70B,Llama 3.1-8B,EXAONE 1.0,phi-3-small 7.4B,EXAONE 3.0,Transformer-XL (257M),Transformer-XL-ptb,FAIRSEQ Adaptive Inputs,Transformer-XL + RMS dynamic eval,LTM,BERT-Large-CAS (PTB+WT2+WT103),AWD-LSTM-DRILL + dynamic evaluation† (PTB),Grover-Mega,XLNet,Transformer-XL Large + Phrase Induction,AWD-LSTM + Phrase Induction + finetuning (PTB),Tensorized Transformer (257M),All-attention network + adaptive span,RNN Baseline,L_UL-seq,DEQ-TrellisNet (PTB),Megatron-BERT,Megatron-LM (8.3B),Megatron-LM (2.5B),Megatron-LM (355M),Adaptive Inputs + LayerDrop,ALBERT,BART-large,MoE-1.1T,KoGPT,GPT-2 (AMPS),GPT2+CoreLM+Fine-Tuning,Japanese dialog transformers,S4,GPT-2 (fine-tuned with HYDRA),KnGPT2,HyperCLOVA 82B,HyperCLOVA 204B,$\infty$-former (SM),XLMR-XXL,GPT-2 (1.5B, Curriculum Learning 45K),GPT-2 (117M, SLW 110K),Fairseq + UID: variance,GPT-J-6B,SPALM + kNN,PLUG,GPT-Neo-2.7B,GPT-Neo-2.7B (finetuned),GPT-Neo-2.7B (finetuned on PTB),GPT-Neo-125M,GPT-Neo-1.3B,GPT-Neo-125M (finetuned),GPT-Neo-1.3B (finetuned),GLM-10B,GLM-2B,GLM-10B-bidirectional,GLM-10B-unidirectional,Generative BST,RFA-GATE-Gaussian-Stateful Big,Wu Dao - Wen Yuan,YuYan 11B,data2vec (language),SPALM + RelationLM,Transformer-XL + RelationLM,GPT3-6.7B + muP,NoPos,TRIMELMext (247M),BLOOM-7.1B,BLOOM-1.7B,BLOOM-560M,BLOOM-1B,BLOOM-3B,Luminous Sparse,Hybrid H3-2.7B,Hybrid H3-125M,Hybrid H3-355M,SparseOPT-175B,SparseOPT-66B,SparseOPT-13B,SparseOPT-30B,Anthropic LM 175B,E-SPA,Hyena-3-slim,Sparse Wide GPT-3 Small,Pythia-12b,Pythia-2.8b,Pythia-6.9b,Pythia-160m,Pythia-1b,Pythia-1.4b,Pythia-70m,Pythia-410m,Anthropic LM 52B,OpenLLaMA-13B,MPT-7B,XuanYuan 2.0,LLaMA-7B (LoRA finetuned),LLaMA-65B (LoRA finetuned),LLaMA-13B (LoRA finetuned),LLaMA-33B (LoRA finetuned),HuatuoGPT,30B-Lazarus,Llama-2-Chinese 13B,Baichuan2-53B,Japanese StableLM Base Alpha 7B,HyperCLOVA X,FLM-101B,Mi:dm 7B,Mixtral 8x7B,Lyra-Fr 10B,CoRe,o1-preview,o1-mini,DeepSeek-V2.5,Cygnet,Jamba 1.5-Large,OLMoE,Qwen2-VL-72B,Qwen2-VL-2B,Qwen2-VL-7B,Falcon Mamba,BiomedGPT (182M),Qwen2.5-Coder (7B),Qwen2.5-Coder (1.5B),YandexGPT 3,Mixture-of-Depths,POKE´LLMON,AlphaGeometry 2,Pharia-1-LLM-7B,Mistral Small v24.09,MetaLM,GLM-4 (0116),Llama 3.2 1B,Llama 3.2 3B,JetFire (GPT2-LARGE),BitNet b1.58,phi-3.5-mini,Amazon Titan Text Express,Amazon Titan Text Lite,PLLaMa,Aya Expanse 32B,Aya Expanse 8B,Yi-Lightning,LFM 40B,Belle VL,BELLE-Llama2-13B-chat-0.4M,BELLE-LLaMA-7B-0.6M-enc,BELLE-LLaMA-7B-2M-enc ,BELLE-LLaMA-13B-2M-enc,BELLE-LLaMA-EXT-7B,BELLE-7B-0.2M,BELLE-7B-0.6M ,BELLE-7B-1M,BELLE-7B-2M,ChatBit,OpenDiLoCo 150M,OpenDiLoCo 1.1B,DeBERTaV3large,Pixtral 12B,NVLM-D 72B,NVLM-H 72B,Molmo 72B,Arctic,GRITLM 7B,GRITLM 8x7B,Hunyuan,Hunyuan-Large,Janus 1.3B,DeepSeek-LLM-1.3b-base,KwaiYii 175B,Mamba 2, 2.7B,Qwen2.5-Coder (32B),MiniCPM-V 2.6,Yi-1.5-34B,Qwen1.5-72B,Qwen1.5-110B,Qwen1.5-14B,Qwen2.5 Instruct (72B),Qwen2.5 Instruct (7B),Nemotron-4 15B,NV-Embed-v1,NV-Embed-v2,Tulu V2 DPO 70B,Yi 6B,Luminous-extended,Luminous-base,Alpaca, Tulu 3 (Tülu 3) 70B,Hermes 3 405B,Hermes 3 70B,Hermes 3 8B,DISTRO,Vicuna-33B-v1.3,Vicuna-13B-v1.3,Vicuna-7B-v1.3,Vicuna-7B-v1.5,Vicuna-13B-v1.5,LearnLM-Tutor,CRYSTALCODER,Amber,RWKV-6 (Finch) 3B,RWKV-5 (Eagle) 7B,DeepSeek-R1-Lite-Preview,xLAM-8x22B,Gauss2,PLaMo-100B,Aramco Metabrain AI,Palmyra X 003,Granite 20B,Zephyr 141B-A39B																																						,Zephyr 7B,BaiLing,Athene-70B,Starling-LM-7B-alpha,NexusRaven-V2,DataGemma,Amazon Nova Lite,Amazon Nova Micro,Gemini 1.5 Flash,Hermes 2 Theta Llama-3 70B,Ministral 3B,Ministral 8B,Qwen1.5-32B,WizardLM-2 8x22B,WizardLM-2 70B,WizardLM-2 7B,Doubao-pro,Doubao-lite,Doubao Role-Playing Model,Doubao Vectorization Model,Doubao Function Call Model,Dou Bao,NVLM-X 72B,Llama 3.3 70B,Phi-1,StableLM - Zephyr 3B,MiniCPM-2.4B,MiniCPM-1.2B,MiniCPM-3-4B,Gemma 2 2B,Gemma 2 9B,Gemma 2 27B,Gemma 7B,Gemma 2B,Llama-3.1-Minitron-4B,Minitron 8B,Minitron 4B,o1,Phi-4,Gemini 2.0 Flash,llama-3-airoboros-70b-3.3,airoboros-l2-70b-2.1,Fugaku-LLM,Takane,GLA Transformer 1.3B,GLA Transformer 340M,Granite 3.0 8B,Granite 3.0 2B,GPT-3 2.7B,GPT-3 6.7B,GPT-3 13B,GPT-3 Large,GPT-3 Medium,GPT-3 Small,GPT-3 XL,InstructGPT 6B,InstructGPT 1.3B,Claude 2.1,Claude 2,Claude 3.5 Haiku,DeepSeek LLM 7B,DeepSeek LLM 67B,Qwen1.5-7B,Gemini 1.5 Flash 8B,InstructGPT 350M,DeepSeek-V3,HGRN 1B (WT 103),HGRN2 3B,HGRN2 1B,OLMo 2 Furious 13B,OLMo 2 Furious 7B,abab6.5,Qwen2.5-1.5B,o3-mini,o3,EXAONE 3.5 2.4B,EXAONE 3.5 7.8B,EXAONE 3.5 32B,DeepSeek-R1,DeepSeek-R1-Zero,bailing-pro-1120,abab7,Moonshot-v1,Mistral Small 3,Qwen2.5-Max,Step-2,Athene-V2,Gemini 2.0 Pro,SimPO,Jamba 1.5 Mini,InternLM2.5,InternVL1.5,Yi-VL-34B,Qwen2.5-3B,Qwen2.5-7B,Qwen2.5-32B,Qwen2.5-72B,s1,Grok-3,Claude 3.7 Sonnet,Phi-4 Mini,Phi-4-Multimodal,GPT-4.5,QwQ-32B,Gemini 2.0 Flash Thinking,OLMo-1B,SEA-LION V1 3B,SEA-LION V1 7B,SEA-LION V2 8B,SEA-LION V3 Gemma2 9B,SEA-LION V3 Llama3.1 8B,SEA-LION V3 Llama3.1 70B,Gemma 3 1B,Gemma 3 4B,Gemma 3 12B,Gemma 3 27B,Kimi Explorer,Kimi k1.5,EXAONE Deep 2.4B,EXAONE Deep 7.8B,EXAONE Deep 32B,EXAONE 3.5-R 7.8B,EXAONE 3.5-R 32B,EXAONE 3.5-R 2.4B,Mistral Small 3.1,Gemini 2.5 Pro,DEQ-TrellisNet (WT-103),Phi-3.5-MoE,Qwen2-7B,Qwen2-57B-A14B,Qwen2.5-14B,Qwen Plus,Qwen Turbo,QVQ,QVQ-Max,Cohere Command A,OLMo 1.7-7B ,DeepSeek-R1-Distill-Llama-70B,YAYI-13B-Llama2,YAYI-7B-Llama2,LLaDA,AMIE (Articulate Medical Intelligence Explorer),Qwen2.5-Math-7B-Base,360Zhinao2-7B,Llama Nemotron Nano 8B,Llama Nemotron Super 49B,Llama Nemotron Ultra 253B,Pangu Ultra,VILA1.5-40B,VILA1.5-7B,VILA1.5-13B,InternVL2_5-26B,InternVL2_5-38B,InternVL2_5-78B,InternVL2-40B,o4-mini,GPT-4.1,GPT-4.1 mini,GPT-4.1 nano,OpenELM-1.1B,OpenELM-3B,OpenELM-450M,OpenELM-270M,Sonar,R1 1776,Nemotron-H 8B,Nemotron-H 47B,Nemotron-H 56B,TxGemma 2B,TxGemma 9B,TxGemma 27B,ELIXR-B,Marco-o1,Ovis1.6-Gemma2-27B,Ovis1.6-Gemma2-9B,OREAL 7B,OREAL 32B,Deephermes 3 Llama 3 8B Preview,Granite 3.2 8B,Granite Vision 3.2 2B,Granite 3.2 2B ,Granite Guardian 3.2,Granite 3.1 2B,Granite 3.1 8B,Nous-Hermes-2-Yi-34B,RoBERTa Large,RoBERTa Base,Qwen2.5-Math-1.5B,DeepSeek-R1-Distill-Qwen-1.5B,DeepSeek-R1-Distill-Qwen-14B,Yi-1.5-9B,Mengzi-Code-6.7B,MengziGPT-General-13B,Mengzi-Fin-7B,Mengzi-Fin-13B,MengziGPT-General-40B,MengziGPT-General-7B,Mengzi-Lite,Aria,InternVL2-Llama3-76B,DeepSeek-VL-7B
,DeepSeek-VL-1.3B,Zamba2-7B,Qwen3-0.6B,Qwen3-1.7B,Qwen3-4B,Qwen3-8B,Qwen3-14B,Qwen3-32B,Qwen3-30B-A3B,Qwen3-235B-A22B,GPT-4,WeituAI 1.0,Yiye Qingzhou-0.7B,Yiye Qingzhou-45B,Yiye Qingzhou,Intel Aurora 1T,Microsoft MAI-1,Mistral 7B,Hairuo,Phi-4-Reasoning,Phi-4-Reasoning-plus,AraELECTRA,AraGPT2-Mega,AraBERT,AraBERT LArge v2,Typhoon 2.1 Gemma 12B,Typhoon 2.1 Gemma 4B,LLama 3..2 Typhoon 2 1B,LLama 3.2 Typhoon 2 3B,Typhoon 2 7B,Llama 3.1 Typhoon 2 8B,Llama 3.1 Typhoon 2 70B,Typhoon2-Vision ,Typhoon2-Audio,DeepSeek-Prover-V2-671B,DeepSeek-Prover-V2-7B,GLM-Z1-Rumination-32B-0414,GLM-4-9B-0414,Pleias-RAG-1B,Pleias-RAG-350m,Pleias 1.0 1.2B,Pleias 1.0 350m,Solar Pro,WizardLM 13B v1.2,Mistral Medium 3,Marin 8B,Apriel Nemotron 15B,Gemma2 9B CPT Sahabat-AI,DCLM 7B,MAP-Neo,Pangu Ultra MoE,MiniMax-Text-01,MiniMax-VL-01,Llama 4 Behemoth (preview),360Zhinao-7B,Ovis-7B,YaYi 2.0,Baichuan 2-7B,SenseChat,Llama 4 Scout,Llama 4 Maverick,ERNIE 4.5 (文心大模型4.5),QWQ-Plus,Qwen2.5-VL-72B, Qwen2.5-VL-7B , Qwen2.5-VL-3B,Gemini 2.5 Flash,Claude Sonnet 4,Claude Opus 4,DeepNet,Kosmos-2.5,Kosmos-1,Mathstral,AndesGPT,ALLaM 7B,ALLaM adapted 70B,ALLaM adapted13B
,ALLaM 34B,Hunyuan-TurboS,Hunyuan Turbo,Oryx 34B,Shanhai,Xinyu,LLaVA-CoT,Baichuan-Omni,HuaTuo,TeleChat-7B,TeleChat-3B,TeleChat-12B,Bencao Zhiku,Yan,Shishuo,SmolLM-1.7B,LLaVA-NeXT-32B-Qwen,Open-Assistant Llama2 70B SFT v10,New Intelligent Q&A,Spark,LINGO-2,Fuyu-Heavy,Jurassic-2 Jumbo,OmniFusion-7B (InternViT-6B-448px V1-2),Sequence Monkey (序列猴子),Magistral Small,Magistral Medium,SenseChat-DataAnalysis V4,GPT3-2.7B (FlashAttention-2),GPT-2 Medium (FlashAttention),Hyena 1.3B,SenseChat-Medical V4,SenseChat-Vision V4,SenseChat 4.0,SenseNova V6,Hyena 355M,Hyena 153M,Baichuan 1-13B,Baichuan1-7B,Wu Dao 2.0,Wu Dao Aquila-33B,LLaMA-33B,Emu2,Emu1 (BAAI),Emu3,MobileBERT,Hybrid-Phi-Mamba-1.5B,TeleChat,TeleChat2-3B,TeleChat2-7B,TeleChat2-35B,Telechat2-115B,s1-32B,rStar-Math(Qwen2.5-Math-7B base),rStar-Math(Qwen2-Math-7B base),s1.1,Sparrow,PaLM-2 Bison,PaLM-2 Unicorn,PaLM-2 Gecko,PaLM-2 Otter,Digivio (迪智伟奥DIGIVIO)


,Yuanshi (元石大模型),West Lake (“Xīhú / 西湖大模型”),Orion Star (猎户星空大模型),DeepSeek-R1-Distill-Llama-8B,DeepSeek-R1-Distill-Qwen-32B,DeepSeek-R1-Distill-Qwen-7B,Magic LLM (魔法大模型),Jamba 1.6 Mini,Jamba 1.6 Large,Devstral,Mistral Saba,Sonar Pro,Sonar Reasoning Pro,Sonar Reasoning,Sonar Deep Research,Amazon Nova Premier,Amazon Nova Pro,Solar-10.7B (Solar Mini),MiniMax-M1-40k,MiniMax-M1-80k",
Verb conjugation,Language,Learning past tenses,
Translation,Language,"NLLB,GShard (dense),GShard (600B),Chinese - English translation,GPipe (Transformer),MoE-Multi,Transformer,GNMT,BPE,Seq2Seq LSTM,RNNsearch-50*,Hiero,Phrase-based translation,Maximum Entropy Models for machine translation,IBM Model 4,IBM-5,Jurassic-2 Jumbo,Gemini 1.0 Ultra,Transformer + Simple Recurrent Unit,RNMT+,Big Transformer for Back-Translation,SeamlessM4T,NMT Transformer 437M,M4-50B,mBART-50,XGLM-7.5B,Aya,Qwen-Audio-Chat,MADLAD-400 10B,Gemini 1.0 Pro,ConvS2S (ensemble of 8 models),Command R+,Viking,Cross-lingual alignment,Fugaku-LLM,RCTM,BGE-M3 Embedding,Swallow,Xiaoice,Knowledge distillation student model,Mesh-TensorFlow Transformer 2.9B (translation),WeLM,PULI GPTrio,Polyglot-Ko-12.8B,Mesh-TensorFlow Transformer 4.9B (language),AlexaTM 20B,Jais,Stable LM 2 12B,Adversarial + AWD-LSTM-MoS + partial shuffled,Tensorized Transformer (OBW),Tensorized Transformer (large PTB),AdvSoft + 4 layer QRNN + dynamic evaluation (WT103),Tensorized Transformer (PTB),4 layer QRNN + dynamic evaluation,Tensorized Transformer (W103),VALL-E X,TRIMELMext (7M),TRIMELMlong (150M),PAGnol-XL,mT5-XXL,Subformer (83M),Linear Transformer (small),3-Layer-Tensor-Transformer+AdaHessian,Subformer (96M),XVERSE-13B-2,AWD-LSTM-MoS + dynamic evaluation (PTB, 2018),mT0-13B,Tensor-Transformer(1core)+PN (PTB),AWD-LSTM + DeFINE,Adaptive LSTM + DeFINE,Transformer-XL DeFINE (107M),Samsung Gauss Language,ADP-FAIRSEQ+NGRAMRES,VARCO LLM 2.0 small Finetuning,VARCO LLM 2.0 base,BLOOMZ-176B,bilingual-gpt-neox-4b,PanGu-Σ,Amazon Titan,Skywork-13B,Qwen-7B,BlueLM 7B,GLM-4V-9B,TinyLlama-1.1B (1T token checkpoint),TinyLlama-1.1B (3T token checkpoint),LingoWhale-8B,Yuan 2.0,Nemotron-3-8B,Yi-34B,GLM-130B,BLOOM-176B,InternLM-XComposer,Mistral Large 2,Qwen2-Audio,PaLM (540B),DeepNet,Command R,EXAONE 1.0,Joint Probability Machine Translation,AWD-LSTM-MoS + dynamic evaluation (WT2, 2018),XLM,Adaptive Inputs + LayerDrop,HyperCLOVA 82B,XLMR-XXL,CODA,RFA-GATE-Gaussian-Stateful Big,Linear Transformer (large),Transformer-XL + AutoDropout (WT2),Integer Transformer,VLM-4,TRIMELMext (247M),Japanese StableLM Base Alpha 7B,HyperCLOVA X,Mi:dm 7B,Mixtral 8x7B,o1-preview,o1-mini,Qwen2-VL-72B,Qwen2-VL-2B,Qwen2-VL-7B,GRUs,Pharia-1-LLM-7B,RECONTRA-uncategorized,RECONTRA-categorized,GLM-4 (0520),GLM-4 (0116),Llama 3.2 1B,Llama 3.2 3B,phi-3.5-mini,Aya Expanse 32B,Aya Expanse 8B,NVLM-D 72B,NVLM-H 72B,Hunyuan-Large,Yi-1.5-34B,Qwen1.5-72B,Qwen1.5-110B,Qwen1.5-14B,Nemotron-4 15B,Yi 6B,Gemini 1.0 Pro Vision,RWKV-6 (Finch) 3B,RWKV-5 (Eagle) 7B,DeepL LLM,Gemini 1.5 Flash,Qwen1.5-32B,Doubao Real-Time translation model,NVLM-X 72B,Llama 3.3 70B,MiniCPM-2.4B,MiniCPM-1.2B,MiniCPM-3-4B,o1,Gemini 2.0 Flash,F5-TTS,Takane,Granite 3.0 8B,Granite 3.0 2B,Qwen1.5-7B,Gemini 1.5 Flash 8B,EXAONE 3.5 2.4B,EXAONE 3.5 7.8B,EXAONE 3.5 32B,Mistral Small 3,Jamba 1.5 Mini,Jamba 1.5-Large,InternVL1.5,HMM Word Alignment,Claude 3.7 Sonnet,Phi-4-Multimodal,Phi-4 Mini,GPT-4.5,Gemma 3 1B,Gemma 3 4B,Gemma 3 12B,Gemma 3 27B,Kimi k1.5,EXAONE 3.5-R 7.8B,EXAONE 3.5-R 32B,EXAONE 3.5-R 2.4B,Mistral Small 3.1,Gemini 2.5 Pro,BLOOM-7.1B,Phi-3.5-MoE,Qwen Plus,Qwen Turbo,QVQ,QVQ-Max,o4-mini,Nemotron-H 8B,Nemotron-H 47B,Nemotron-H 56B,Granite 3.2 2B ,Granite 3.1 2B,Granite 3.1 8B,Qwen3-0.6B,Qwen3-1.7B,Qwen3-4B,Qwen3-8B,Qwen3-14B,Qwen3-32B,Qwen3-30B-A3B,Qwen3-235B-A22B,Typhoon 2.1 Gemma 12B,Typhoon 2.1 Gemma 4B,Typhoon2-Audio,Pleias-RAG-1B,Pleias-RAG-350m,Pleias 1.0 1.2B,Pleias 1.0 350m,Solar Pro,Mistral Medium 3,MAP-Neo,Llama 4 Behemoth (preview),Baichuan 2-7B,ERNIE 4.5 (文心大模型4.5),Mixtral 8x22B,Qwen2.5-VL-72B, Qwen2.5-VL-7B , Qwen2.5-VL-3B,Gemini 2.5 Flash,Claude Sonnet 4,Claude Opus 4,ALLaM 7B,ALLaM adapted 70B,ALLaM adapted13B
,ALLaM 34B,TeleChat-7B,TeleChat-3B,TeleChat-12B,Magistral Small,Magistral Medium,TeleChat,Multitask Unified Model (MUM),PengCheng Mind (鹏城脑海),Jamba 1.6 Large,Jamba 1.6 Mini,Mistral Saba,Amazon Nova Lite,Amazon Nova Pro",
Speech synthesis,Speech,"RNN for speech,NetTalk (transcription),NetTalk (dictionary),VALL-E,PDP model for serial order,SeamlessM4T,Tacotron 2,Weight Decay,VALL-E X,GPT-4 Turbo,Qwen2-Audio,WaveNet,Tacotron,Doubao Voice Cloning Model,Doubao Real-Time translation model,F5-TTS,Typhoon2-Audio,E2 TTS,Baichuan-Omni,Shishuo,Amazon Nova Sonic,HAM-TTS",
Speech recognition,Speech,"SpecAugment,DeepSpeech2 (English),PreTrans-3L-250H,DBLSTM,Dropout (TIMIT),CTC-Trained LSTM,BiLSTM for Speech,Bidirectional RNN,Fuzzy NN,W2v-BERT,Conformer + Wav2vec 2.0 + Noisy Student,ContextNet + Noisy Student,Conformer,ContextNet,Transformer - LibriVox + Decoding/Rescoring,RNN-WER,STT Conformer-Transducer XL,Big-Little Net (speech),Whisper v2,Statistical continuous speech recognizer,MMS-1B,Qwen-Audio-Chat,HuBERT,ONE-PEACE,ImageBind,Zidong Taichu,Speaker-independent vowel classification,MLN-ASR,LTE speaker verification system,DistBelief Speech,VALL-E X,Whisper v3,Whisper,Multilingual DNN,ReLU-Speech,Qwen2-Audio,Listen, Attend and Spell,top-down frozen classifier,GPT-4o,data2vec (speech),Time-delay neural networks,RNN 1000/5 + RT09 LM (NIST RT05),BP-DBN,DL scaling speech, TC-DNN-BLSTM-DNN,MS-ensemble-speech-recognition,BigSSL,OmniVec,SeamlessM4T,Gemini Nano-2,Gemini Nano-1,GroundingGPT,Gemini 1.5 Flash,OneLLM,Belle-whisper-larger-v3-turbo-zh ,Universal-1,Doubao Voice Cloning Model,Doubao Speech Recognition Model,Doubao Real-Time translation model,Gemini 2.0 Flash,Gemini 1.5 Flash 8B,LF-MMI,Segmental RNN,Gemini 2.0 Pro,Phi-4-Multimodal,Gemini Robotics,Gemini 2.5 Pro,DolphinGemma,SauTech,Yiye Qingzhou-0.7B,Yiye Qingzhou-45B,Yiye Qingzhou,Typhoon2-Audio,Universal-2-TF,Nova-2,Nova-3,SaudiTech,Gemini Robotics-ER,ERNIE 4.5 (文心大模型4.5),Gemini 2.5 Flash,Amazon Nova Sonic,SeedLLM",
Image captioning,"Vision,Language","Flamingo,PaLI-X,Qwen-VL,Qwen-VL-Max,Kosmos-2,CogVLM-17B,Gemini Nano-2,Gemini Nano-1,Otter,BEIT-3,OneLLM,MM1-30B,Grok-1.5V,Reka Core,Reka Flash,GroundingGPT,Order-Embeddings of Images and Language,Order embeddings with layer norm,IDEFICS-80B,Cloob,Zidong Taichu,Wu Dao 2.0,M6-T,Wu Dao - Wen Lan,Perceiver IO (optical flow),Gato,Gemini 1.5 Flash,BITTERS,SC-NLM,Claude 3 Sonnet,Claude 3 Opus,SPHINX (Llama 2 13B),MiniGPT4 (Vicuna finetune),MiniGPT4 + LRV-Instruction,Xiaoice,BLIP-2 (Q-Former),Fuyu-8B,Florence,CoCa,Emu1 (BAAI),mPLUG-Owl2,GPT-4 Turbo,Claude 3.5 Sonnet,PaLM-E,Unified-IO (XL),BiomedGPT (182M),Llama 3.2 11B,Llama 3.2 90B,OmniParser: Icon Description Model,MindEye2,MiniCPM-V 2.6,MobileCLIP-B (LT),RFM-1,Florence-2-B (base),Florence-2-L (large),Gemini 1.5 Flash 8B,Idefics2,IDEFICS-9B,Palmyra Vision, InternVL,InternVL1.5,Kimi k1.5,Gemini 2.5 Pro,Cambrian-1-34B,Cambrian-1-13B,Cambrian-1-8B,Aya Vision 32B,AlphaX-1,LLaVA-OV-7B,LLaVA-OV-72B,VILA1.5-40B,VILA1.5-7B,VILA1.5-13B,Oryx 34B,Oryx 7B ,OpenCLIP ViT-H-14-378-quickgelu,PaliGemma 3B Mix 224,PaliGemma 3B Mix 448,Aria,Gemini 2.5 Flash,Claude Sonnet 4,Claude Opus 4,Pix2Struct-Large,Kosmos-1,xGen-MM (BLIP-3),Baichuan-Omni,LLaVA-NeXT-32B-Qwen,Amazon Nova Lite,SenseChat-Vision V4,Multitask Unified Model (MUM),Amazon Nova Pro",
Video description,"Vision,Language,Video","LRCN,Xinghan Foundation Model,GroundingGPT,PaLI-X,CLIP (ViT L/14@336px),CLIP (ResNet-50),OneLLM,Qwen2-VL-72B,Qwen2-VL-2B,Qwen2-VL-7B,SIMA,Med-Gemini-M 1.5,MiniCPM-V 2.6,Gemini 1.0 Pro Vision,RFM-1,Gemini 2.0 Flash,Palmyra Vision,Apollo 7B,Apollo 3B,Apollo 1.5B,Gemini 2.0 Pro,NVILA 15B,NVILA 8B,Gemini 2.5 Pro,QVQ,QVQ-Max,LLaVA-OV-7B,LLaVA-OV-72B,GPT-4.1 nano,GPT-4.1 mini,GPT-4.1,Yiye Qingzhou-0.7B,Yiye Qingzhou-45B,Yiye Qingzhou,ERNIE 4.5 (文心大模型4.5),Qwen2.5-VL-72B, Qwen2.5-VL-7B , Qwen2.5-VL-3B,Gemini 2.5 Flash,Oryx 34B,Baichuan-Omni,Amazon Nova Lite,SenseNova V6,Amazon Nova Premier,Amazon Nova Pro",
Collaborative filtering,Recommendation,NeuMF (Pinterest),
Recommender system,Recommendation,"Social and content-based classification,DLRM-12T,Persia,Web mining + Decision tree recommender,Netflix Recommender System,Wide & Deep,Youtube recommendation model,DLRM-2020,DLRM-2022,DLRM-2021,YouTube Video Recommendation System,MatrixFac for Recommenders,Enhanced Neighborhood-Based Filtering,GroupLens,SVD in recommender systems,Regularized SVD for Collaborative Filtering,Restricted Bolzmann machines,CLUE,AdClickNet",
Chat,Language,"Grok-1,RedPajama-INCITE-7B-Base,BlenderBot 3,BlueLM 7B,ERNIE 4.0,Tongyi Qianwen 2.0,ChatRhino,ChatGLM3-6B,SenseChat,360 Smart Brain,OpenCALM,PULI GPTrio,Dou Bao,Sparrow,Yi-34B,Qwen-72B,Gemini 1.0 Ultra,Wu Dao Aquila-7B,Aquila2 34B,Nanbeige-16B,Baichuan2-13B,Dolly 2.0-12b,TigerBot-70B,Nemotron-3-8B,YuLan-Chat-2 (13B),KwaiYii 13B,GPT-4 Turbo,Zi Yue,Zi Yue 2.0,Granite 13B,Guanaco-65B,DeepSeek LLM 67B,XVERSE-65B-2,Mistral Medium,Qwen-VL,Qwen-VL-Max,PPLX-70B-Online,Fuyu-Heavy,Fuyu-8B,TinyLlama-1.1B (3T token checkpoint),DeciLM 6B,PLaMo-13B,LightOn Mini,gpt-sw3-40b,InternLM2-20B,Aya,PolySphere-1,Qwen-Audio-Chat,tsuzumi 7B,LLaVA,LLaVA 1.5,LLaVA-NeXT-34B (LLaVA-1.6),CogVLM-17B,Qarasu-14B,Gemini Nano-2,Gemini Nano-1,Solar-10.7B (Solar Mini),OpenChat 3.5-7B,DeepSeekMoE-16B,WizardLM 70B,NEC LLM 13B,Karakuri LM,Llama Guard,Flan T5-XXL + BLIP-2,StripedHyena-Hessian-7B,Starling-LM-7B-alpha,DeciCoder-6B,Gemini 1.0 Pro,Mistral Large,Otter,OtterHD-8B,OneLLM,KwaiYiiMath,InternLM-XComposer,InstructBLIP,Claude 3 Sonnet,DBRX,Wu Dao Aquila-33B,MM1-30B,Inflection-2.5,Grok-1.5V,Grok-1.5,Reka Core,Reka Flash,OLMo-7B,Llama 3-70B,Llama 3-8B,Griffin,Hawk,phi-3-mini 3.8B,phi-3-medium 14B,LIMA,SenseChat 5.0,FRED-T5-XL,Delphi,GroundingGPT,AltCLIP_M9,Wu Dao 2.0,M6-T,Gato,VARCO LLM 2.0 base,VARCO LLM 2.0 small Finetuning,VARCO LLM KO/EN-13B-IST ver.1,A.X (Adot) 39B,A.X (Adot) 18B,A.X (Adot) 7B,Gemini 1.5 Flash,Amazon Titan,Claude 2,Claude 1.3,Claude,Claude Instant,Claude 2.1,Claude 3 Haiku,Claude 3 Opus,Yi-Large,ruGPT-3.5 13B,tsuzumi 7B upgrade 2024,RWKV-4 World (7B),YaLM,GPT-4o,OPT-1.3B,OPT-1.3B (finetuned on PTB),OPT-1.3B (finetuned),OPT-2.7B,OPT-2.7B (finetuned on PTB),OPT-2.7B (finetuned on WT2),OPT-6.7B,OPT-30B,OPT-66B,OPT-125M (finetuned on PTB),OPT-125M (finetuned),OPT-175B,OPT-350M,Qwen2-72B,Jamba,Jurassic-1-Jumbo,Jurassic-X,Swallow,Elyza,MuggleMath,MiniGPT4 (Vicuna finetune),MiniGPT4 + LRV-Instruction,Xiaoice,Jais,TeleChat,Nemotron-4 340B,Inflection-2,TinyLlama-1.1B (1T token checkpoint),Cohere Command Light,DeepSeek-V2 (MoE-236B),Vicuna-13B v0,GPT-4o mini,Claude 3.5 Sonnet,BlueLM 70B,BlueLM 130B,BlueLM 175B,Grok-0,Grok-2,Grok-2 mini,phi-3-small 7.4B,KoGPT,Japanese dialog transformers,HyperCLOVA 82B,XuanYuan 2.0,HuatuoGPT,Baichuan2-53B,HyperCLOVA X,FLM-101B,o1-preview,o1-mini,DeepSeek-V2.5,Cygnet,Jamba 1.5-Large,OLMoE,YandexGPT 3,Amazon Titan Text Express,Amazon Titan Text Lite,ChatBit,Yi-1.5-34B,Qwen1.5-72B,Qwen1.5-110B,Qwen1.5-14B,Yi 6B,Gemini 1.0 Pro Vision,Hermes 3 405B,Hermes 3 70B,Hermes 3 8B,DISTRO,Vicuna-33B-v1.3,Vicuna-13B-v1.3,Vicuna-7B-v1.3,Vicuna-7B-v1.5,Vicuna-13B-v1.5,LearnLM-Tutor,RWKV-6 (Finch) 3B,RWKV-5 (Eagle) 7B,Qwen1.5-32B,Gemma 2 2B,Gemma 2 9B,Gemma 2 27B,Gemma 7B,Gemma 2B,Llama-3.1-Minitron-4B,Minitron 8B,Minitron 4B,o1,Gemini 2.0 Flash,Claude 3.5 Haiku,DeepSeek LLM 7B,Qwen1.5-7B,Gemini 1.5 Flash 8B,Llama-3-Taiwan-70B
,TAIWAN-LLM 13B,TAIWAN-LLM 7B,TAIDE-LX-7B,TAIDE LX-13B,Llama 3-TAIDE-LX-8B-Chat-Alpha1,Grok-3,OLMo-1B,Gemma 3 1B,Gemma 3 4B,Gemma 3 12B,Gemma 3 27B,Qwen2-7B,Qwen2-57B-A14B,Llama 4 Scout,Llama 4 Behemoth (preview),Reka Flash 3,Cohere Command A,OLMo 1.7-7B ,Mistral OCR,DeepThought-8B,AMIE (Articulate Medical Intelligence Explorer),LLaVA-NeXT-32B-Qwen,VILA1.5-40B,VILA1.5-7B,VILA1.5-13B,Llama-SEA-LION-v2-8B,Llama-SEA-LION-v2-8B-IT,minChatGPT,o4-mini,GPT-3.5 Turbo,Nanbeige2-16B-Chat,NEC cotomi,Sonar,R1 1776,Open-Assistant Llama2 70B SFT v10,OpenThaiGPT v1.0.0 (13B),OpenThaiGPT v1.0.0 (7B),TxGemma 9B,TxGemma 27B,PaLM-2 Bison,Pythia-Chat-Base-7B-v0.16,Sailor-7B-Chat,SambaLingo-Thai-Chat (7B),SambaLingo-Thai-Chat-70B,SEA-LION-v1-7B-IT,SeaLLM-7B-v2,SeaLLM-7B-v2.5,SK Telecom Telco,SmolLM-1.7B,Zamba2-7B,Drahim PFM AI,Apriel Nemotron 15B,Llama 4 Maverick,Claude Sonnet 4,Claude Opus 4,Gemini 2.5 Flash,Kosmos-1,xGen-MM (BLIP-3),TeleChat-7B,TeleChat-3B,TeleChat-12B,XVERSE-MoE-A4.2B,SenseNova V6,TeleChat2-3B,TeleChat2-7B,TeleChat2-35B,Telechat2-115B,PaLM-2 Unicorn,PaLM-2 Gecko,PaLM-2 Otter,Digivio (迪智伟奥DIGIVIO)


,West Lake (“Xīhú / 西湖大模型”),Orion Star (猎户星空大模型),Magic LLM (魔法大模型),PengCheng Mind (鹏城脑海),Jamba 1.6 Mini,Jamba 1.6 Large,Mistral Saba,Sonar Pro,Sonar Reasoning Pro,Sonar Reasoning,Sonar Deep Research",
Drug discovery,"Biology,Medicine","MegaSyn,Hopfield Networks (2020),MegaMolBART,Cancer drug mechanism prediction,RESP AI,DiffSBDD (CrossDocked),GraphBP,Innovative Drug-like Molecule Generation from,AutoDiff,BindDM,BADGER,DecompDiff,Molecular Diffusion Models with Virtual Receptors,ShapeMol,DrugCLIP,ChatMol,ParetoDrug,Reinvent 4,Rethinking Molecular Design: Integrating Latent Variable and Auto-Regressive Models for Goal Directed Generation,AF2RAVE,Precious3GPT,Chemistry42,KinoML,IEV2MOL,MPDF,PocketVec
,Automated design of multi-target ligands by generative deep learning,MolSnapper,UdanDTI,ConfRank,ExSelfRL,DrugTar,Mothra,TxGNN,FragLlama,PocketFlow,FlexSBDD,BiosimDock,vScreenML 2.0,MoLeR,Uni-Mol Molecular Model,HelixFold3",
Question answering,Language,"Fusion in Encoder,Retrieval-Augmented Generator,S-Norm,MemoReader,UnifiedQA,EMDR,DCN+,GSM,LUKE,SEST,BIDAF,Mnemonic Reader,DensePhrases,RaSoR,ATLAS,TOME,PhraseCond,Reading Twice for NLU,PPLX-70B-Online,XLM-RoBERTa,XGLM-7.5B,Qwen-Audio-Chat,LLaVA,LLaVA 1.5,LLaVA-NeXT-34B (LLaVA-1.6),OneLLM,Layer Normalization: The Attentive Reader,The Attentive Reader,Qwen-VL,OPT-1.3B,OPT-1.3B (finetuned on PTB),OPT-1.3B (finetuned),OPT-2.7B,OPT-2.7B (finetuned on PTB),OPT-2.7B (finetuned on WT2),OPT-6.7B,OPT-30B,OPT-66B,OPT-125M (finetuned on PTB),OPT-125M (finetuned),OPT-175B,OPT-350M,Gopher (280B),XVERSE-13B-2,Samsung Gauss Language,VARCO LLM 2.0 small Finetuning,VARCO LLM 2.0 base,TigerBot-70B,AlexaTM 20B,DeBERTa,BERT-Large,ALBERT-xxlarge,FLAN 137B,DeBERTaV3large + KEAR,LMSI-Palm,Unicorn,Inflection-2,GLaM,Nanbeige-16B,PanGu-α,PanGu-Σ,BlueLM 7B,Granite 13B,PLaMo-13B,Spark 3.0,GLM-4V-9B,GLM-4 (0520),GLM-4,TinyLlama-1.1B (3T token checkpoint),TinyLlama-1.1B (1T token checkpoint),Mamba-2.8B,NASA SMD,GPT-4o,Galactica,Gemma 1.1 7B Instruct,Mamba2-Hybrid,NeMO Megatron GPT 20B,Orca 2-13B,BlueLM 70B,BlueLM 130B,BlueLM 175B,Grok-2,Grok-2 mini,EXAONE 3.0,DMN,Differentiable neural computer,ELMo,GPT-1,XLNet,Adaptive Inputs + LayerDrop,ALBERT,BART-large,MoE-1.1T,GPT-J-6B,GPT-Neo-2.7B,Unified-IO (XL),SparseOPT-175B,SparseOPT-66B,SparseOPT-13B,SparseOPT-30B,Anthropic LM 175B,E-SPA,Pythia-12b,Pythia-2.8b,Pythia-6.9b,Pythia-160m,Pythia-1b,Pythia-1.4b,Pythia-70m,Pythia-410m,Anthropic LM 52B,OpenLLaMA-13B,MPT-7B,LLaMA-7B (LoRA finetuned),LLaMA-65B (LoRA finetuned),LLaMA-13B (LoRA finetuned),LLaMA-33B (LoRA finetuned),HuatuoGPT,Llama-2-Chinese 13B,HyperCLOVA X,FLM-101B,Mixtral 8x7B,Lyra-Fr 10B,o1-preview,o1-mini,Qwen2-VL-72B,Qwen2-VL-2B,Qwen2-VL-7B,Falcon Mamba,Qwen2.5-Coder (7B),Qwen2.5-Coder (1.5B),YandexGPT 3,Pharia-1-LLM-7B,GLM-4 (0116),Llama 3.2 1B,Llama 3.2 3B,BitNet b1.58,phi-3.5-mini,Med-Gemini-M 1.5,Med-PaLM,Med-PaLM 2,LFM 40B,DeBERTaV3large,Pixtral 12B,NVLM-D 72B,NVLM-H 72B,Molmo 72B,Arctic,GRITLM 7B,GRITLM 8x7B,Hunyuan,Hunyuan-Large,Janus 1.3B,Mamba 2, 2.7B,Qwen2.5 Instruct (72B),Qwen2.5 Instruct (7B),Nemotron-4 15B,Nemotron-3-8B,Nemotron-4 340B,NV-Embed-v1,NV-Embed-v2,Tulu V2 DPO 70B,Gemini 1.0 Pro Vision,Alpaca,Hermes 3 405B,Hermes 3 70B,Hermes 3 8B,DISTRO,LearnLM-Tutor,CRYSTALCODER,Amber,RWKV-6 (Finch) 3B,RWKV-5 (Eagle) 7B,Zephyr 141B-A39B																																						,Zephyr 7B,BaiLing,Gemini 1.5 Flash,GPT-3.5 Turbo,Hermes 2 Theta Llama-3 70B,Ministral 3B,Ministral 8B,WizardLM-2 8x22B,WizardLM-2 70B,WizardLM-2 7B,Doubao-pro,Doubao-lite,Doubao Role-Playing Model,NVLM-X 72B,Llama 3.3 70B,StableLM - Zephyr 3B,Gemma 2 2B,Gemma 2 9B,Gemma 2 27B,Gemma 7B,Gemma 2B,Llama-3.1-Minitron-4B,Minitron 8B,Minitron 4B,o1,Phi-4,Gemini 2.0 Flash,llama-3-airoboros-70b-3.3,airoboros-l2-70b-2.1,Claude 3 Haiku,Fugaku-LLM,Takane,GLA Transformer 1.3B,GLA Transformer 340M,Granite 3.0 8B,Granite 3.0 2B,Claude 2.1,Claude 2,Claude 3.5 Haiku,DeepSeek LLM 67B,DeepSeek LLM 7B,Gemini 1.5 Flash 8B,DeepSeek-V3,HGRN 1B (WT 103),HGRN2 3B,HGRN2 1B,OLMo 2 Furious 13B,OLMo 2 Furious 7B,o3-mini,o3,EXAONE 3.5 2.4B,EXAONE 3.5 7.8B,EXAONE 3.5 32B,DeepSeek-R1,DeepSeek-R1-Zero,Mistral Small v24.09,Mistral Small 3,Qwen2.5-Max,Step-2,Athene-V2,Athene-70B,Gemini 2.0 Pro,SimPO,Jamba 1.5-Large,Jamba 1.5 Mini,InternLM2.5,InternLM2-20B,Qwen2.5-1.5B,Qwen2.5-3B,Qwen2.5-7B,Qwen2.5-32B,Qwen2.5-72B,s1,Grok-3,360Zhinao2-7B,360Zhinao-7B,Claude 3.7 Sonnet,Phi-4-Multimodal,GPT-4.5,QwQ-32B,Gemini 2.0 Flash Thinking,Gemma 3 1B,Gemma 3 4B,Gemma 3 12B,Gemma 3 27B,Kimi k1.5,EXAONE Deep 2.4B,EXAONE Deep 7.8B,EXAONE Deep 32B,EXAONE 3.5-R 7.8B,EXAONE 3.5-R 32B,EXAONE 3.5-R 2.4B,Mistral Small 3.1,Sparse Wide GPT-3 Small,Gemini 2.5 Pro,Phi-3.5-MoE,Qwen2.5-14B,Qwen Plus,Qwen Turbo,QVQ,QVQ-Max,DeepSeek-R1-Distill-Llama-70B,OpenChat-13b,AMIE (Articulate Medical Intelligence Explorer),SaulLM-large,Qwen2.5-Math-7B-Base,Llama Nemotron Nano 8B,Llama Nemotron Super 49B,Llama Nemotron Ultra 253B,Llama-SEA-LION-v2-8B,Llama-SEA-LION-v2-8B-IT,o4-mini,GPT-4.1,GPT-4.1 mini,GPT-4.1 nano,OpenELM-1.1B,OpenELM-3B,OpenELM-450M,OpenELM-270M,Nanbeige2-16B-Chat,NEC cotomi,Sonar,R1 1776,Nemotron-H 8B,Nemotron-H 47B,Nemotron-H 56B,TxGemma 2B,TxGemma 9B,TxGemma 27B,Marco-o1,OREAL 7B,OREAL 32B,Deephermes 3 Llama 3 8B Preview,Granite 3.2 8B,Granite Vision 3.2 2B,Granite 3.2 2B ,Granite Guardian 3.2,Granite 3.1 2B,Granite 3.1 8B,Nous-Hermes-2-Yi-34B,RoBERTa Large,RoBERTa Base,DeepSeek-R1-Distill-Qwen-1.5B,DeepSeek-R1-Distill-Qwen-14B,Yi-1.5-9B,Mengzi-Code-6.7B,MengziGPT-General-13B,Mengzi-Fin-7B,Mengzi-Fin-13B,MengziGPT-General-40B,MengziGPT-General-7B,Mengzi-Lite,Qwen3-0.6B,Qwen3-1.7B,Qwen3-4B,Qwen3-8B,Qwen3-14B,Qwen3-32B,Qwen3-30B-A3B,Qwen3-235B-A22B,GPT-4,WeituAI 1.0,Yiye Qingzhou-0.7B,Yiye Qingzhou-45B,Yiye Qingzhou,Mistral 7B,Phi-4-Reasoning,Phi-4-Reasoning-plus,AraELECTRA,AraGPT2-Mega,AraBERT,AraBERT LArge v2,Typhoon 2.1 Gemma 12B,Typhoon 2.1 Gemma 4B,LLama 3..2 Typhoon 2 1B,LLama 3.2 Typhoon 2 3B,Typhoon 2 7B,Llama 3.1 Typhoon 2 8B,Llama 3.1 Typhoon 2 70B,DeepSeek-Prover-V2-671B,DeepSeek-Prover-V2-7B,GLM-Z1-Rumination-32B-0414,GLM-4-9B-0414,Pleias-RAG-1B,Pleias-RAG-350m,Pleias 1.0 1.2B,Pleias 1.0 350m,Solar Pro,WizardLM 13B v1.2,Mistral Medium 3,Marin 8B,Apriel Nemotron 15B,Gemma2 9B CPT Sahabat-AI,DCLM 7B,MAP-Neo,Pangu Ultra MoE,MiniMax-Text-01,MiniMax-VL-01,Llama 4 Behemoth (preview),Ovis-7B,Baichuan 2-7B,Llama 4 Scout,Llama 4 Maverick,Mixtral 8x22B,QWQ-Plus,Qwen2.5-VL-72B, Qwen2.5-VL-7B , Qwen2.5-VL-3B,Gemini 2.5 Flash,Kosmos-1,AndesGPT,ALLaM 7B,ALLaM adapted 70B,ALLaM adapted13B
,ALLaM 34B,Hunyuan-TurboS,Vega v2,Shanhai,HuaTuo,TeleChat-7B,TeleChat-3B,TeleChat-12B,Bencao Zhiku,SmolLM-1.7B,New Intelligent Q&A,Spark,Jurassic-2 Jumbo,OmniFusion-7B (InternViT-6B-448px V1-2),OLMo 1.7-7B ,Amazon Nova Micro,Magistral Small,Magistral Medium,SenseChat-Medical V4,SenseChat 4.0,SenseNova V6,Baichuan 1-13B,Baichuan1-7B,Wu Dao - Wen Hui,Wu Dao 2.0,Wu Dao Aquila-33B,LLaMA-33B,Emu2,Emu3,TeleChat2-3B,TeleChat2-7B,TeleChat2-35B,Telechat2-115B,Cohere Command A,Sparrow,PaLM-2 Bison,PaLM-2 Unicorn,PaLM-2 Gecko,PaLM-2 Otter,Multitask Unified Model (MUM),DeepSeek-R1-Distill-Llama-8B,DeepSeek-R1-Distill-Qwen-32B,DeepSeek-R1-Distill-Qwen-7B,Jamba 1.6 Mini,Jamba 1.6 Large,Mistral Saba,Sonar Pro,Sonar Reasoning Pro,Sonar Reasoning,Sonar Deep Research,Amazon Nova Premier,Solar-10.7B (Solar Mini),MiniMax-M1-40k,MiniMax-M1-80k",
Language generation,Language,"StableLM-3B-4E1T,Mistral 7B,XGen-7B,Luminous-supreme,Platypus-70B,XVERSE-13B-2,CPM-2,360 Smart Brain,MPT-30B,BTLM-3B,bilingual-gpt-neox-4b,Spark 3.0,Phi-1.5,Phi-2,Flan UL2,Stable Beluga 1,Stable Beluga 2,TigerBot-70B,Mamba-2.8B,Nemotron-3-8B,U-PaLM (540B),ABAB,LMSI-Palm,CoEdiT-xxl,Cohere Command Light,Command R+,Viking,BEIT-3,Turing-NLG,Command R,PaLM-E,Doubao-1.5-pro,nekomata-14b,Aya Vision 32B,Claude Sonnet 4,Claude Opus 4",
Language modeling,Language,"PaLM 2,GPT-4,PaLM (540B),Chinchilla,LaMDA,YaLM,AlexaTM 20B,BLOOM-176B,GPT-SW3,DeepNet,BaGuaLu,Galactica,Megatron-Turing NLG 530B,Gopher (280B),Yuan 1.0,FLAN 137B,T0-XXL,PAGnol-XL,Transformer ELMo,MoE-Multi,LSTM,LLaMA-65B,ConSERT,PLATO-XL,ALM 1.0,Inflection-1,ERNIE 3.5,Claude 2,Context-dependent RNN,Deep Multitask NLP Network,InternLM,Llama 2-70B,IDEFICS-80B,Jais,Falcon-40B,Falcon-180B,RetNet,Persimmon-8B,GPT-3.5,GPT-4V,PanGu-Σ,Ferret (13B),LLaMA-7B,Grok-1,BloombergGPT,WizardLM-7B,JIANG,Skywork-13B,mT5-XXL,OPT-IML (175B),ByT5-XXL,Inflection-2,BLUUMI,StableLM-Base-Alpha-7B,Cerebras-GPT-13B,Palmyra Large 20B,RWKV-4 14B,EXAONE 2.0,Jurassic-2 Jumbo,Gemini 1.0 Ultra,Japanese-LM-3.6B,Llama 2-7B,Llama 2-13B,Hopfield Networks (2020),QMoE: compressed SwitchTransformer,Gemini 1.0 Pro,SNM-skip,RNN for 1B words,OPT-1.3B,LLaMA-13B,LLaMA-33B,Gemini 1.5 Pro,ReALM,Grok-1.5V,Grok-1.5,Fugaku-LLM,ADP-FAIRSEQ + NGRAMRES,Claude 1.3,Claude,Claude Instant,Claude 2.1,Transformer (Adaptive Input Embeddings) WT103,Paragraph Vector,RNN LM,HLBL,Hierarchical LM,OPT-1.3B (finetuned on PTB),OPT-1.3B (finetuned),OPT-2.7B,OPT-2.7B (finetuned on PTB),OPT-2.7B (finetuned on WT2),OPT-6.7B,OPT-30B,OPT-66B,OPT-125M (finetuned on PTB),OPT-125M (finetuned),OPT-175B,OPT-350M,Predictive Coding NN,Adversarial + AWD-LSTM-MoS + partial shuffled,Tensorized Transformer (OBW),Tensorized Transformer (large PTB),AdvSoft + 4 layer QRNN + dynamic evaluation (WT103),Tensorized Transformer (PTB),4 layer QRNN + dynamic evaluation,Tensorized Transformer (W103),RNNLM + Dynamic KL Regularization (WT2),RNNLM + Dynamic KL Regularization,Linear Transformer (small),3-Layer-Tensor-Transformer+AdaHessian,Subformer (96M),GRU + p-tHSM (pretrain via Brown) (WT2),GRU + p-tHSM (pretrain via Brown) (PTB),GRU + p-tHSM (pretrain via Brown) (WT103),AWD-LSTM-DOC (fin) (23M),(ensemble): AWD-LSTM-DOC (fin) × 5 (PTB),AWD-LSTM-DOC (fin) (37M),AWD-LSTM-MoS + dynamic evaluation (PTB, 2018),Tensor-Transformer(1core)+PN (PTB),AWD-LSTM + DeFINE,Adaptive LSTM + DeFINE,Transformer-XL DeFINE (107M),Transformer-XL + AutoDropout (PTB),ADP-FAIRSEQ+NGRAMRES,Llama 2-34B,SB-LM,KN-LM,Neural LM,ERNIE 3.0 Titan,ERNIE 3.0,ERNIE-Doc (247M),ERNIE-Doc Base (151M, WT103),ERNIE-GEN (large),ADAPTIVE NLPM,Sparse all-MLP,Contriever,text-embedding-3-small,text-embedding-3-large,text-embedding-ada-002,babbage-002,MemSizer (language modeling),Mogrifier RLSTM (PTB),Mogrifier RLSTM (WT2),Immediate trihead,Stack RNN,genCNN + dyn eval,2nd order FOFE-FNNLM,Skip-Thoughts,Search-Proven Best LSTM,LSTM-Char-Large,Variational (untied weights, MC) LSTM (Large),Gated HORNN (3rd order),DMN,VD-RHN,Variational RHN + WT (PTB),Character-enriched word2vec,Layer Normalization: Skip Thoughts,Pointer Sentinel-LSTM (medium),Zoneout + Variational LSTM (WT2),Byte-mLSTM+emb+WN+VD,Zoneout + Variational LSTM (PTB),Pointer Sentinel-LSTM (WT2),VD-LSTM+REAL Large,VD-LSTM+REAL Medium,VD-LSTM+REAL Small,NAS with base 8 and shared embeddings,Neural cache model (size=2000) (300M),Neural cache model (size=2000),LSTM (PTB),LSTM (WT2),LSTM (WT103),GCRN-M1, dropout,GCNN-14,Word-Independent-SRNN+KN5,AWD-LSTM,Densely Connected LSTM + Var. Dropout,4 layer Densely Connected LSTM 14M (PTB),AWD-LSTM - 3-layer LSTM (tied) + continuous cache pointer (WT2),EI-REHN-1000D,EI-REHN-1200D (PTB),D-LSRC(200)+KN5,D-LSRC(100)+KN5 (PTB),NMM(LSTM+RNN),GL-LWGC-AWD-MoS-LSTM + dynamic evaluation (WT2),GL-LWGC-AWD-MoS-LSTM + dynamic evaluation (PTB),ISS,LSTM + dynamic eval,AWD-LSTM + dynamic eval (PTB),AWD-LSTM + dynamic eval (WT2),AWD-LSTM+WT+Cache+IOG (WT2),AWD-LSTM+WT+Cache+IOG (PTB),Fraternal dropout + AWD-LSTM 3-layer (WT2),Fraternal dropout + AWD-LSTM 3-layer (PTB),AWD-LSTM-MoS + dynamic evaluation (WT2, 2017),AWD-LSTM-MoS + dynamic evaluation (PTB, 2017),2-layer-LSTM+Deep-Gradient-Compression,ELMo,QRNN,ENAS,Multipop Adaptive Continuous Stack (WT2),TCN (148M),TCN (13M),Multipop Adaptive Continuous Stack (PTB),LSTM (2018),4 layer QRNN (h=2500),LSTM (Hebbian, Cache, MbPA),TF-LM-discourse LSTM (WT2),TF-LM-discourse LSTM (PTB),Dropout-LSTM+Noise(Bernoulli) (WT2),LSTM+Noise(Beta),AWD-LSTM-MoS+Noisin+dynamic evaluation (PTB),Dropout-LSTM+Noise(Laplace) - medium (WT2),Dropout-LSTM+Noise(Bernoulli) - large(PTB),aLSTM(depth-2)+RecurrentPolicy (WT2),aLSTM(depth-2)+RecurrentPolicy (PTB),2-layer skip-LSTM + dropout tuning (WT2),RHN+HSG(depth=40),RHN(depth=40),2-layer skip-LSTM + dropout tuning (PTB),GPT-1,Relational Memory Core,DARTS,DARTS (second order) (PTB),S + I-Attention (3),RGC+ASQ (WT2),RGC+ASQ (PTB),AWD-LSTM-MoS+PDR + dynamic evaluation (WT2),AWD-LSTM-MoS+PDR + dynamic evaluation (PTB),(ensemble): AWD-LSTM-DOC (fin) × 5 (WT2),AWD-LSTM-MoS + dynamic evaluation (WT2, 2018),LSTM+NeuralCache,TrellisNet,TrellisNet-MoS (1.4x larger) PTB,Fine-tuned-AWD-LSTM-DOC (fin),Multi-cell LSTM,MetaLM,Transformer + Average Attention Network,H-LSTM+wg+rcp+rcg+wp,MT-DNN,TSLM+MoS (WT2),TSLM+MoS (PTB),Compress-LSTM (66M),Compress-LSTM (4.6M),DOC + Finetune∗ + Partial Shuffle (WT2),DOC + Finetune∗ + Partial Shuffle (PTB),True-Regularization+Finetune,True-Regularization+Finetune+Dynamic-Eval,WeNet (WT2),WeNet (PTB),WeNet (Penn Treebank),BERT-Large-CAS (WT2),BERT-Large-CAS (WT103),RSM,XLM,AWD-LSTM + MoS + Partial Shuffled,Char-CNN-BiLSTM,Stacked-LSTM+PruningNo,R-Transformer,RNN + char4-MS-vec,LSTM+Adam+Lookahead,EN^2AS with performance reward,LSTM-Large+Behaviorial-Gating,AWD-LSTM+Behaviorial-Gating,LSTM-Medium+Behaviorial-Gating (PTB),Mogrifier (d2, MoS2, MC) + dynamic eval,Mogrifier (d2, MC) + dynamic eval,Alleviated TOI 10 (WT103),Alleviated TOI 10 (PTB),Alleviated TOI 10 (WT2),Transformer-XL+AdamGapAware(GA),dense-IndRNN+dynamic eval,LSTM(large)+Sememe+cell,LSTM(medium)+Sememe+cell (WT2),Amended-DARTS,Base LM + kNN LM + Continuous Cache,Sandwich Transformer,Long-range sequence Compressive Transformers,Transformer-XL DeFINE (141M),bRSM + cache,MMLSTM,LSTM LM,GPT-2-Medium+Pixelfly,Quantized ADMM,Transformer LM + MinSen,GPT-2-Small+Pixelfly,Named Entity Recognition model,Scatterbrain,WD+LR+M,base LM+GNN+kNN,base LM+GNN (WT103),MGK 4 heads (medium),MGK 8 heads (small),NLM,PermuteFormer,RNS-RNN,ALiBi (L=3072, Lvalid = 3072),FMMformer (2-kernel fast weight + Band20),FNetAR Medium,DEQ-Transformer (Post-LN) + Jacobian Regularisation,Delta RNN (+ full context),AFP+FPI (PTB),AFP+FPI (WT2),CODA,Transformer-XL + SIS,DiffQ Transformer (16L),Transformer-C,TransfoRNN(d=1024)(2-layer) (WT2),TransfoRNN(d=1024)(2-layer) (PTB),T2R + Random Init,T2R 75% + Pretrain (WT-103),T2R + Pretrain,SRU++ Large,SRU++ Base,SRU++ Large only 2 attention layers (k=5) (WT103),Linear Transformer (large),Selfish-RNN (SNT-ASGD) Stacked LSTMs,Selfish-RNN (ON-LSTM),Selfish-RNN (SNT-ASGD)RHNs,Selfish-RNN (AWD-LSTM-MoS),Transformer-XL + AutoDropout (WT2),Subformer (122M),Shortformer,CT-MoS (WT2),CT-MoS + DynamicEval (WT2),CT-MoS (PTB),CT-MoS + DynamicEval (PTB),CPM-Large,AWD-FWM (WT2),AWD-FWM (PTB),CryptoGRU,Memformer (4 encoder + 16 decoder),Frage-AWD-LSTM-MemoryAug-NeuralCache (WT2),Frage-AWD-LSTM-MemoryAug-NeuralCache (PTB),LSTM-MemoryAug (WT2),LSTM-MemoryAug (PTB),Integer Transformer,PAR Transformer Large,Transformer+Recurrent Windows of Context,DeLighT,Grown to Prune Two-layer stacked LSTM,TransformerXL-LayerFusion-CA,GPT2-LayerFusion-WS,1-layer-LSTM,Transformer-XL+AdamP,Transformer-XL+WN+AdamP,6-Layer-Tensor-Transformer+AdaHessian,rTop-k(distributed setting),Decay RNN,ONLSTM-SYD,NAS+ESS (156M),NAS+ESS (23M),Segatron XL large, M=384,Segatron XL base, M=384,DiffStk-MRNN,Tensor-Transformer(1core)+PN (WT103),Routing Transformer (WT-103),Local Transformer (WT103),TransformerXL + spectrum control,LSTM-3-layer+Gadam,TCAN (WT2),TCAN (PTB),Feedback Transformer,TaLK Convolution,MicroNet (Adaptive, Cache),DOT(S)-RNN,Deep RNN (PTB),TensorReasoner,RNN+weight noise+dynamic eval,RNN (SGD+CLR) (PTB),RNN (SGD+CLR),RNN+LDA+KN5+cache,RNN+LSA+KN5+cache (model combination w/ linear extrapolation),RNN+LDA,RNN,LSTM-300units,LBL,RNN-SpeedUp,Segatron-XL large, M=384 + HCP,Transformer Large + HCP,Segatron -XL base, M=150 + HCP,Monarch-GPT-2-Medium,Monarch-GPT-2-Small,EGRU (WT2),EGRU (PTB),Transformer-XL + RMT,NMST+GPT-2,VRNS-RNN-3-3-5,Decaying Fast Weights Transformer (WT-103),TPM-LVD,Verbatim Memory Transformer (182M),Verbatim Memory Transformer (117M),Verbatim Memory Transformer (108M),retrieval-quality-kNN-LMs,Transformer-XL + PowerSGD + L-Greco,n-gram LM,Transformer + GFM,GPT-2+Active-SGD (WT2),mini-GPT-2+Active-AdamW,CD-GraB (WT103),CD-GraB (WT2),SPN-4+KN5,SPN-4,GRUs,Large regularized LSTM,4-gram + 8 DENN,SCRN (Structurally Constrained Recurrent Network),N-gram+Cache (PTB),N-gram (PTB),RNN + char2-MS-vec,RNN + char3-MS-vec,Discriminator-tuned LSTM,code2vec,code2seq,Gemini 1.0 Pro Vision,DL scaling LM,Llama-3.1-Nemotron-70B-Instruct,Microsoft MAI-1,Intel Aurora 1T,Gemini-Exp-1114,GLM-4-Plus,Spark 4.0,Palmyra X 004,Takane,Idefics2,IDEFICS-9B,BIG LSTM+CNN INPUTS ,10 LSTMS + KN-5 (OPTIMAL WEIGHTS),360gpt2-pro,Adaptive Input Transformer + RD,DEQ-Transformer (Medium, Adaptive Embedding),AWD-LSTM-DRILL + dynamic evaluation† (WT2),Claude Sonnet 4,Claude Opus 4,Vega v2",
Visual question answering,Vision,"Flamingo,ChatGLM3-6B,Gemini 1.0 Ultra,Neuro-Symbolic Concept Learner,Kosmos-2,LLaVA,LLaVA 1.5,LLaVA-NeXT-34B (LLaVA-1.6),CogVLM-17B,Xinghan Foundation Model,Gemini 1.0 Pro,Otter,BEIT-3,OtterHD-8B,OneLLM,LLaVA + LVIS-INSTRUCT4V,InternLM-XComposer,InstructBLIP,Gemini 1.5 Pro,CogAgent,GPT-4V,M6-10B,M6-100B,Gemini 1.5 Flash,Chameleon-34B,FragLlama: Next-fragment prediction for molecular design,SPHINX (Llama 2 13B),Qwen-VL-Max,MiniGPT4 (Vicuna finetune),MiniGPT4 + LRV-Instruction,Xiaoice,PaLI,BLIP-2 (Q-Former),Flan T5-XXL + BLIP-2,Qwen-VL,Fuyu-8B,Unified-IO (XL),PaLM-E,Florence,CoCa,Emu1 (BAAI),GLM-4V-9B,mPLUG-Owl2,GPT-4 Turbo,Volcano 13B,GPT-4o mini,Grok-2,Grok-2 mini,Grok-1.5V,AltCLIP_M9,EXAONE 1.0,EXAONE 2.0,MetaLM,Qwen2-VL-72B,Qwen2-VL-2B,Qwen2-VL-7B,BiomedGPT (182M),Llama 3.2 11B,Llama 3.2 90B,phi-3.5-Vision,Med-Gemini-M 1.5,Med-Gemini-3D,PaliGemma,Belle VL,Pixtral 12B,Molmo 72B,Janus 1.3B,MiniCPM-V 2.6,Med-Gemini-2D,improved U-Net for chest X-ray images segmentation,Gemini 1.0 Pro Vision,BaiLing,DigiRL,Gemini 2.0 Flash,Florence-2-B (base),Florence-2-L (large),Gemini 1.5 Flash 8B,IDEFICS-80B,Idefics2,IDEFICS-9B,Palmyra Vision,Janus-Pro-7B,Janus-Pro-1B,Step-1.5V,Gemini 2.0 Pro,InternViT-6B, InternVL,InternVL1.5,Yi Vision,Yi-VL-34B,NVILA 15B,NVILA 8B,Grok-3,Claude 3.7 Sonnet,Phi-4 Mini,Phi-4-Multimodal,GPT-4.5,Gemini 2.0 Flash Thinking,Gemma 3 4B,Gemma 3 12B,Gemma 3 27B,Kimi k1.5,Mistral Small 3.1,Gemini 2.5 Pro,QVQ,QVQ-Max,OmniFusion-7B (InternViT-6B-448px V1-2),Aya Vision 32B,LLaVA-OV-7B,LLaVA-OV-72B,VILA1.5-40B,VILA1.5-7B,VILA1.5-13B,Oryx 34B,Oryx 7B ,InternVL2_5-26B,InternVL2_5-38B,InternVL2_5-78B,InternVL2-40B,o4-mini,o3,GPT-4.1,GPT-4.1 mini,GPT-4.1 nano,PaliGemma 3B Mix 224,PaliGemma 3B Mix 448,ELIXR-B,Ovis1.6-Gemma2-27B,Ovis1.6-Gemma2-9B,Granite Vision 3.2 2B,Aria,InternVL2-Llama3-76B,Apollo-7B,GPT-4,WeituAI 1.0,Yiye Qingzhou-0.7B,Yiye Qingzhou-45B,Yiye Qingzhou,Typhoon2-Vision ,Mistral Medium 3,MiniMax-VL-01,Llama 4 Behemoth (preview),Ovis-7B,Llama 4 Scout,Llama 4 Maverick,ERNIE 4.5 (文心大模型4.5),Qwen2.5-VL-72B, Qwen2.5-VL-7B , Qwen2.5-VL-3B,Gemini 2.5 Flash,Claude Sonnet 4,Claude Opus 4,Kosmos-2.5,Pix2Struct-Large,Kosmos-1,Cambrian-1-34B,xGen-MM (BLIP-3),LLaVA-CoT,Baichuan-Omni,LLaVA-NeXT-32B-Qwen,Fuyu-Heavy,Amazon Nova Lite,SenseChat-Vision V4,SenseNova V6,Wu Dao - Wen Hui,Wu Dao 2.0,Emu2,Emu3,Multitask Unified Model (MUM),Amazon Nova Premier,Amazon Nova Pro",
Audio generation,Audio,"MusicGen,Lyria,Mamba-24M (SC09),AudioGen,MultiBand Diffusion,MAGNeT,AudioLM,MusicLM,Voice Engine,EnCodec,VideoPoet,GPT-4o,Audioseal,WaveNet,RNN (SGD+CLR),Suno Music Generation,Movie Gen Audio,MuseNet,Suno Bark Model,Suno v3,Suno v4,Fugatto 1,Doubao Voice Cloning Model,DolphinGemma,Typhoon2-Audio,Tiangong SkyMusic,Seaweed-7B,Lyria RealTime",
Code generation,Language,"AlphaCode,PanGu-Σ,CODEFUSION (Python),CodeT5-base,CodeT5-large,StarCoder,CodeT5+,CodeGen-Mono 16.1B,Mistral 7B,PolyCoder,CodeGen2,SantaCoder,CodeGen2.5,Incoder-6.7B,CodeGeeX,DeepSeek Coder 33B,Code Llama-34B,MPT-30B,BTLM-3B,DeciCoder-1B,Qwen-72B,CodeFuse-13B,Wu Dao Aquila-7B,MOSS-Moon-003,Spark 3.0,WizardCoder-15.5B,Code Llama-70B,Poro 34B,Stable Code 3B,Samsung Gauss Code,LTM-1,Code Llama-7B,CodeWhisperer,StarCoder 2 15B,StarCoder 2 7B,StarCoder 2 3B,DBRX,Wu Dao Aquila-33B,Mixtral 8x22B,Grok-1.5V,Reka Core,Reka Flash,FunSearch,Llama 3-70B,Llama 3-8B,Amazon Titan,Claude 3 Sonnet,Claude 3 Haiku,Claude 3 Opus,Codestral,DeepSeek-Coder-V2 236B,Multi-Token Prediction 7B,Phi-2,LLaMA-65B,LLaMA-13B,LLaMA-7B,LLaMA-33B,Multi-Token Prediction 13B,Nanbeige-16B,BlueLM 7B,GLM-4V-9B,GLM-4 (0520),GLM-4,ChatGLM3-6B,LingoWhale-8B,Yuan 2.0,Nemotron-3-8B,Yi-34B,Mistral NeMo,BLOOM-176B,Mistral Large 2,GPT-4o mini,PaLM (540B),Claude 3.5 Sonnet,Cosine Genie,Grok-2,Grok-2 mini,EXAONE 3.0,GPT-J-6B,Llama-2-Chinese 13B,HyperCLOVA X,o1-preview,o1-mini,DeepSeek-V2.5,DeepSeek-V2 (MoE-236B),Falcon Mamba,Qwen2.5-Coder (7B),Qwen2.5-Coder (1.5B),GLM-4 (0116),Amazon Titan Text Express,Amazon Titan Text Lite,Pixtral 12B,NVLM-D 72B,NVLM-H 72B,Arctic,Hunyuan-Large,Qwen2.5-Coder (32B),Yi-1.5-34B,Qwen1.5-72B,Qwen1.5-110B,Qwen1.5-14B,Qwen2.5 Instruct (72B),Qwen2.5 Instruct (7B),Nemotron-4 15B,Yi 6B,Codestral Mamba,Code Droid,CRYSTALCODER,RWKV-6 (Finch) 3B,RWKV-5 (Eagle) 7B,Code Llama-13B,NexusRaven-V2,Ministral 3B,Ministral 8B,Qwen1.5-32B,NVLM-X 72B,Llama 3.3 70B,Phi-1,MiniCPM-2.4B,MiniCPM-1.2B,MiniCPM-3-4B,Gemma 2 2B,Gemma 2 9B,Gemma 2 27B,Gemma 7B,Gemma 2B,o1,Phi-4,Gemini 2.0 Flash,Granite 3.0 8B,Granite 3.0 2B,Claude 3.5 Haiku,DeepSeek Coder 1.3B,DeepSeek Coder 6.7B,Qwen1.5-7B,DeepSeek-V3,Amazon Q Developer,o3,DeepSeek-R1,DeepSeek-R1-Zero,Mistral Small 3,o3-mini,Qwen2.5-Max,Gemini 2.0 Pro,Grok-3,Claude 3.7 Sonnet,Phi-4 Mini,GPT-4.5,QwQ-32B,Gemini 2.0 Flash Thinking,Gemma 3 1B,Gemma 3 4B,Gemma 3 12B,Gemma 3 27B,Kimi 1.6,Kimi k1.5,EXAONE Deep 2.4B,EXAONE Deep 7.8B,EXAONE Deep 32B,Mistral Small 3.1,Gemini 2.5 Pro,Phi-3.5-MoE,Qwen Plus,Qwen Turbo,Llama 4 Scout,Llama 4 Behemoth (preview),Reka Flash 3,Cohere Command A,DeepSeek-R1-Distill-Llama-70B,Mercury,LLaDA,360Zhinao2-7B,Llama Nemotron Nano 8B,Llama Nemotron Super 49B,Llama Nemotron Ultra 253B,ERNIE x1 (文心大模型X1),Pangu Ultra,o4-mini,GPT-4.1,GPT-4.1 mini,GPT-4.1 nano,OpenELM-1.1B,OpenELM-3B,OpenELM-450M,OpenELM-270M,Nemotron-H 8B,Nemotron-H 47B,Nemotron-H 56B,OMNI-EPIC,Poolside Malibu,Granite 3.2 2B ,DeepSeek-R1-Distill-Qwen-1.5B,DeepSeek-R1-Distill-Qwen-14B,Mengzi-Code-6.7B,Qwen3-0.6B,Qwen3-1.7B,Qwen3-4B,Qwen3-8B,Qwen3-14B,Qwen3-32B,Qwen3-30B-A3B,Qwen3-235B-A22B,Phi-4-Reasoning,Phi-4-Reasoning-plus,Typhoon 2.1 Gemma 12B,Typhoon 2.1 Gemma 4B,GLM-Z1-Rumination-32B-0414,GLM-4-9B-0414,Mistral Medium 3,Marin 8B,MAP-Neo,Llama 4 Maverick,ERNIE 4.5 (文心大模型4.5),AlphaEvolve,QWQ-Plus,Gemini 2.5 Flash,Claude Sonnet 4,Claude Opus 4,Hunyuan-TurboS,Shanhai,TeleChat-7B,TeleChat-3B,TeleChat-12B,Shishuo,Magistral Small,Magistral Medium,SenseChat-DataAnalysis V4,SenseNova V6,TeleChat2-3B,TeleChat2-7B,TeleChat2-35B,Telechat2-115B,Orion Star (猎户星空大模型),DeepSeek-R1-Distill-Llama-8B,DeepSeek-R1-Distill-Qwen-32B,DeepSeek-R1-Distill-Qwen-7B,Kimi Dev 72b
,PengCheng Mind (鹏城脑海),Jamba 1.6 Mini,Jamba 1.6 Large,Devstral,Amazon Nova Premier,Amazon Nova Lite,Amazon Nova Pro,Amazon Nova Micro,MiniMax-M1-40k,MiniMax-M1-80k",
Weather forecasting,Earth science,"MetNet,GraphCast,Pangu-Weather,Aurora,GenCast,Prithvi WxC",
Text-to-image,"Image generation,Language","Parti,DALL·E 2,DALL-E,CogView,VQGAN + CLIP,AR-LDM,Perfusion,Honghu Graphic,Emu (Meta),PIXART-α,RQ-Transformer (LSUN-cat dataset),RQ-Transformer (1.4B params ImageNet dataset),RQ-Transformer (3.8B params ImageNet dataset),DALL-E mini,DALL-E mega,Stable Diffusion 3,Stable Diffusion (LDM-KL-8-G),Stable Diffusion XL (SDXL),Taiyi-Stable Diffusion,MosaicML Diffusion,ruDalle: Kandinsky 3.0,ruDalle: Kandinsky 3.1,Imagen 2,Chameleon-34B,FragLlama: Next-fragment prediction for molecular design,YaART,Emu1 (BAAI),Amazon Titan,GLM-4,Imagen 3,Stable Diffusion 3 Medium,KeTu (Kolors),Doubao Text-to-Image Model,Luma Photon,Hunyuan-DiT,Ideogram v2,ADM,GLIDE,eDiff-I,LDM-1.45B,OpenFlamingo,Diffusion-GAN,DDPM-IP (CelebA),CTM (CIFAR-10),DALL·E 3,DiT-XL/2 + Discriminator Guidance,Janus-Pro-7B,Janus-Pro-1B,Step-1X,Recraft V3,Stable Diffusion 3.5 Large,Stable Diffusion 3.5 Large Turbo,Infinity,Playground v2,Playground v2.5,4o Image Generation,Shutterstock ImageAI,Kolors 2.0 Image Generation,Meissonic,GigaGAN,Wuerstchen,Imagen,NÜWA,Emu3,HiDream-I1,HiDream Foundation Model 3.0,HiDream Foundation Model 1.0,Lumina-Image-2.0,Amazon Nova Canvas,SenseMirage V4,Wu Dao - Wen Hui,Wu Dao 2.0,Emu2,CELLE-2,West Lake (“Xīhú / 西湖大模型”)",
Helicopter driving,Driving,"RL for helicopter flight,Swift",
Video generation,Video,"Phenaki,Imagen Video,CogVideo,Gen-2,UniPi,Show-1,Sora,Lumiere,VideoPoet,Genie,Imagen 2,NÜWA,Wu Dao - Wen Hui,ERNIE 4.0,Gen-3 Alpha,1X World Model,Firefly Video,Veo,Movie Gen Video,Stable Video Diffusion,Mochi 1,Kling,T2V-Turbo-v2,VideoCrafter2,PixelDance,ByteDance Seaweed,Genie 2,Doubao Video Generation model,Hunyuan Video,Veo 2,Sora Turbo,MiniMax Video-01,Hailuo I2V-01-Live,Cosmos-1.0-
Diffusion-14B Video2World,Goku-8B,Kling 1.5 Pro,Goku+,Vidu 1.5,Vidu,OmniHuman-1,Wan 2.1 14B,Seaweed-7B,Pyramid Flow,Amazon Nova Reel,Step-Video-T2V,Luma Ray2,Kling 2.0 Video Generation,Kling 1.6 Pro,Gen-4,Gen-3 Alpha Turbo,Gen-4 Turbo,Hailuo I2V-01-Director,Hailuo T2V-01-Director,Pika 2.2,Allegro,Pika 1.5,CogVideoX,Luma Dream Machine,Gen-1,Make-A-Video,Emu3,W.A.L.T,Animate Anyone,Animate Anyone 2,HiDream Foundation Model 3.0,HiDream Foundation Model 1.0,Veo 3,GR-2,PRISM-1,Xunguang ,GAIA-1,GAIA-2,X-Portrait",
Quantitative reasoning,Language,"Minerva (540B),Goat-7B,MathGPT,Instruct-GPT + Mind's Eye,AlphaGeometry,KwaiYiiMath,Mistral 7B + OVM,AlphaProof,GPT-2 (AMPS),Llama-2-Chinese 13B,HyperCLOVA X,Mixtral 8x7B,CoRe,o1-preview,o1-mini,Qwen2-VL-72B,Qwen2-VL-2B,Qwen2-VL-7B,Falcon Mamba,Qwen2.5-Coder (7B),Qwen2.5-Coder (1.5B),AlphaGeometry 2,GLM-4 (0520),GLM-4 (0116),Llama 3.2 1B,Llama 3.2 3B,NVLM-D 72B,NVLM-H 72B,Arctic,GRITLM 7B,GRITLM 8x7B,MetaMath 70B,MetaMath 7B (LLaMa finetune),MetaMath 7B (Mistral finetune),Qwen1.5-72B,Qwen1.5-110B,Qwen1.5-14B,Qwen2.5 Instruct (72B),Qwen2.5 Instruct (7B),Nemotron-4 15B,Ministral 3B,Ministral 8B,Qwen1.5-32B,NVLM-X 72B,Gemma 2 9B,Gemma 2 27B,Gemma 7B,Gemma 2B,o1,Gemini 2.0 Flash,DeepSeek-Prover-V1.5,DeepSeekMath 7B,Qwen1.5-7B,DeepSeek-V3,o3-mini,o3,DeepSeek-R1,DeepSeek-R1-Zero,Mistral Small 3,Athene-V2,Qwen2.5-1.5B,Qwen2.5-3B,Qwen2.5-7B,Qwen2.5-32B,Qwen2.5-72B,s1,Claude 3.7 Sonnet,Phi-4 Mini,GPT-4.5,QwQ-32B,Gemini 2.0 Flash Thinking,Gemma 3 1B,Gemma 3 4B,Gemma 3 12B,Gemma 3 27B,Kimi k1.5,EXAONE Deep 2.4B,EXAONE Deep 7.8B,EXAONE Deep 32B,Mistral Small 3.1,Gemini 2.5 Pro,Phi-4,Phi-3.5-MoE,Qwen2.5-14B,Qwen Plus,Qwen Turbo,QVQ,QVQ-Max,DeepSeek-R1-Distill-Llama-70B,Qwen2.5-Math-7B-Base,360Zhinao2-7B,Llama Nemotron Nano 8B,Llama Nemotron Super 49B,Llama Nemotron Ultra 253B,o4-mini,GPT-4.1,GPT-4.1 mini,GPT-4.1 nano,Sonar,Nemotron-H 8B,Nemotron-H 47B,Nemotron-H 56B,Marco-o1,OREAL 7B,OREAL 32B,Deephermes 3 Llama 3 8B Preview,Granite 3.2 8B,Granite Vision 3.2 2B,Granite 3.2 2B ,Granite Guardian 3.2,Qwen2.5-Math-1.5B,DeepSeek-R1-Distill-Qwen-1.5B,DeepSeek-R1-Distill-Qwen-14B,Qwen3-0.6B,Qwen3-1.7B,Qwen3-4B,Qwen3-8B,Qwen3-14B,Qwen3-32B,Qwen3-30B-A3B,Qwen3-235B-A22B,Phi-4-Reasoning,Phi-4-Reasoning-plus,Typhoon 2.1 Gemma 12B,Typhoon 2.1 Gemma 4B,LLama 3..2 Typhoon 2 1B,LLama 3.2 Typhoon 2 3B,Typhoon 2 7B,Llama 3.1 Typhoon 2 8B,Llama 3.1 Typhoon 2 70B,DeepSeek-Prover-V2-671B,DeepSeek-Prover-V2-7B,GLM-Z1-Rumination-32B-0414,GLM-4-9B-0414,Mistral Medium 3,Marin 8B,Apriel Nemotron 15B,DCLM 7B,MAP-Neo,Llama 4 Behemoth (preview),ERNIE 4.5 (文心大模型4.5),Mixtral 8x22B,QWQ-Plus,Qwen2.5-VL-72B, Qwen2.5-VL-7B , Qwen2.5-VL-3B,Gemini 2.5 Flash,Claude Sonnet 4,Claude Opus 4,Mathstral,k0-math,Hunyuan-TurboS,LLaVA-CoT,Magistral Small,Magistral Medium,SenseNova V6,TeleChat2-3B,TeleChat2-7B,TeleChat2-35B,Telechat2-115B,DeepSeek-R1-Distill-Llama-8B,DeepSeek-R1-Distill-Qwen-32B,DeepSeek-R1-Distill-Qwen-7B,Jamba 1.6 Mini,Jamba 1.6 Large,Sonar Reasoning Pro,Sonar Reasoning,Sonar Deep Research,MiniMax-M1-40k,MiniMax-M1-80k",
Code autocompletion,Language,"Codex,CodeT5+,CodeGen-Mono 16.1B,DeciCoder-6B,StarCoder 2 15B,StarCoder 2 7B,StarCoder 2 3B,Command R+,Grok-1.5V,Reka Core,Reka Flash,Codestral,DeepSeek-Coder-V2 236B,Command R,Qwen2.5-Coder (7B),Qwen2.5-Coder (1.5B),Qwen2.5 Instruct (72B),Qwen2.5 Instruct (7B),Codestral Mamba,Code Droid,Amazon Q Developer,aiXcoder-7B Base,Claude Sonnet 4,Claude Opus 4",
Protein generation,Biology,"ProGen,Ankh_large,ZymCTRL,DARK,ProteinBERT,Ankh_base,Fold2Seq,ProGen2-xlarge,ProtGPT2,ProteinGAN,ESM3 (98B),ESM3-open-small,Genie 2 (bio),LLaMA-7B (protein-oriented instruction-tuned),AlphaProteo,RFdiffusion,MoLFormer-XL,DiffPepBuilder,AtomFlow,PepINVENT,ProteinGenerator,PoET,JURA Bio Model,MIF-ST,PeTriBERT,ProCALM (Uniref9B),InstructPLM,FoldFlow2,PepMLM,HelixProtX,FoldFlow,MPNNsol,GPT-4b micro,P-Llama2,P-LLama3,P-gemma,P-Mistral","Protein design: Fold2Seq (Cao et al., 2021), ProGen (Madani et al. 2023) and ProteinGAN (Repecka et al., 2021) are members of this group. These models are designed to generate novel protein sequences that adhere to specific structural or functional constraints. They are employed in the field of synthetic biology for designing proteins with desired characteristics. Some models such as ZymCTRL (Munsamy et al., 2022) are specialized to generate proteins of a specific class, such as enzymes."
Proteins,Biology,"ProtT5-XXL,Wu Dao - Wen Su,Ankh_large,DistilProtBert,DARK,ProteinBERT,ESM1-670M (UR50/S),ProBERTa,TAPE Transformer,MSA Transformer,Ankh_base,AbLang (heavy sequences),AlphaMissense,BERT-RBP,DeepConPred2,DNCON2,ESM1-670M (UR50/D),ESM1-670M (UR100),ESM1-85M,ESM1-43M,ESM1b,ESM1v,ESM2-35M,xTrimoPGLM -100B,ESM2-8M,Vespa,UniRep,UDSMProt,TripletRes,Tranception,TranceptEve,SeqVec,ProteinLM,ProteinGAN,ProteinDT,ProtBERT-BFD,ProGen2-xlarge,PeptideBERT,OntoProtein,Fold2Seq,GGNN,LEP-AD,OmegaPLM,ProtGPT2,Rita-XLarge,AlphaFold,AlphaFold 2,AlphaFold-Multimer,DMPFold,Eve,ProGen,ProtT5-XXL-BFD,RoseTTAFold All-Atom (RFAA),RaptorX-Contact,SPIDER2,EquiDock,DiffDock,ESM2-150M,ESM2-650M,ESM2-3B,ESM2-15B,AlphaProteo,RESP AI,ESM-AA,JURA Bio Model,ProtBERT-UniRef,Profile Prediction,MIF-ST,GearNet,ESM-GearNet,KeAP,ProCALM (Uniref9B),GPT-4b micro,ProtT5-XL-U50",
Diplomacy,Games,"CICERO,Diplodocus",
Protein folding prediction,Biology,"AlphaFold,AlphaFold 2,AlphaFold-Multimer,DNCON2,SPIDER2,RaptorX-Contact,OmegaPLM,AlphaMissense,DeepConPred2,DistilProtBert,DMPFold,RoseTTAFold All-Atom (RFAA),TripletRes,Golem,ESM2-8M,ESM2-35M,ESM2-150M,ESM2-650M,ESM2-3B,ESM2-15B,LLaMA-7B (protein-oriented instruction-tuned),AlphaFold 3,RFdiffusion,MoLFormer-XL,ESM-AA,AminoBert,CRL,CHAI-1,AF_unmasked,SO3LR,InstructPLM,HelixFold,ProRNA3D-Single,Lightweight Fine-tuning a Pretrained Protein Language Model for Protein Secondary,AlphaLink,4D Diffusion for Dynamic Protein Structure Prediction with Reference Guided Motion Alignment,IDPFold,FvFold,MassiveFold,DeepRelax,DeepUrfold,ChemNet,HelixFold3,Alphaflow,ESMFlow,SeaMoon,BaseFold,Boltz-1,Wu Dao - Wen Su","Protein structure prediction: AlphaFold 2 (Jumper et al., 2021), RoseTTAFold (Krishna, 2023), ESMFold (Lin et al., 2022) are prominent examples in this group. These models predict the three-dimensional structure of proteins directly from amino acid sequences."
Automated theorem proving,Mathematics,"Statement Curriculum Learning,AlphaProof,GPT-J-6B",
Video compression,Video,"MuZero VP9,Oryx 34B,Oryx 7B ,LongVU",
Vision-language generation,"Vision,Language","ERNIE-ViLG,Flan T5-XXL + BLIP-2,Otter,DreamLLM,Chameleon-34B,FragLlama: Next-fragment prediction for molecular design,GPT-4o,NVLM-D 72B,NVLM-H 72B,SenseChat 5.5,Pixtral Large,Ernie 4.0 Turbo,NVLM-X 72B",
Representation learning,Other,"ALIGN,Invariant image recognition,Recursive Neural Network,RAAM,Distributed representation NN,scFormer,VQ-VAE",
Zero-shot image classification,Vision,"CLIP (ViT L/14@336px),CLIP (ResNet-50),SigLIP",
Relation extraction,Language,"KEPLER,SciBERT",
Image representation,Vision,"ViT-Base/32,ViT-Huge/14,DINOv2,SexNet compression,JPMAX,Deep Autoencoders",
Speech completion,"Language,Audio",wave2vec 2.0 LARGE,
Dota 2,Games,"OpenAI Five,OpenAI Five Rerun",
StarCraft,Games,"AlphaStar,Bayesian Starcraft",
Neural architecture search for computer vision,Vision,AlphaX-1,
Semantic segmentation,Vision,"DANet,DeepLabV3+,DeepLabV3,JFT,EVA-01,BEIT-3,Masked Autoencoders ViT-H,Hierarchical Scene Labeling,LRR-4X",
Person retrieval,Vision,Refined Part Pooling,
Person re-identification,Vision,"LRSO-GAN,TriNet",
Ms. Pac-Man,Games,HRA,
3D segmentation,3D modeling,"PointNet++,PointNet,Mono3D++",
Pose estimation,Vision,"Convolutional Pose Machines,Stacked hourglass network,JFT",
Face detection,Vision,"Multi-task Cascaded CNN,System 11,Synergistic Face Detector,ConvNet Processor,MobileNet,Cascaded LNet-ANet,CMS-RCNN,HR-ResNet101,NPD,ACF-WIDER,CFSS,3DDFA,DAC-CSR,CCL",
Video,Video,"Spatiotemporal fusion ConvNet,Deep LSTM video classifier,SIMA,GR-2,LongVILA-7B,LongVU,Apollo-7B",
Part-of-speech tagging,Language,"Part-of-sentence tagging model,Cross-Lingual POS Tagger,Markov-driven POS tagger,Qwen-Audio-Chat,ReALM,Tagging via Viterbi Decoding",
Face verification,Vision,"DeepFace,ConvNet similarity metric,DCNN",
Image clustering,Vision,Image generation,
Entity embedding,Language,"TransE,Fragment embedding,SGPT BE 5.8B,BiRNA-BERT",
Transcription,"Language,Audio","KN5 LM + RNN 400/10 (WSJ),RNN 500/10 + RT09 LM (NIST RT05),Qwen-Audio-Chat,RNN 1000/5 + RT09 LM (NIST RT05)",
Face recognition,Vision,"ReLU (LFW),Dimensionality Reduction,Decision tree (classification),Probabilistic modeling for object recognition,Qwen-VL-Max,SOM-CNN,VGG-Face,Template Adaptation
,Deep CNN + COTS,3DMM-CNN,Restricted Boltzmann machine for Face Recognition,SenseChat-Vision V4",
3D reconstruction,3D modeling,"3D city reconstruction,Photo-Geometric Autoencoder,Stable Video 3D (SV3D),Stable Video 4D (SV4D),Hunyuan3D 2.0,PRISM-1",
Movie ratings,Recommendation,"BellKor 2008,BellKor 2009,BigChaos OptiBlend,Pragmatic Theory solution (Netflix 2009),BellKor 2007,BigChaos 2008,Restricted Bolzmann machines",
Self-driving car,Robotics,"Boss (DARPA Urban Challenge),Stanley (DARPA Grand Challenge 2),Sandstorm (DARPA Grand Challenge I),Truck backer-upper,Vision-based obstacle avoidance system (2005),Long-Range Autonomous Off-Road Driving System,Deep Deterministic Policy Gradients,ALVINN,Cosmos-1.0-
Diffusion-14B Video2World,LINGO-2,SenseChat-Vision V4,GAIA-1,GAIA-2",
Document representation,Language,"Stacked Semisuperviser Autoencoders,Kosmos-2.5,Kosmos-2",
Image embedding,Vision,"DrLIM,SEER,GroundingGPT,Derm Foundational Model,OpenPhenom-S/16,CXR Foundation,ELIXR-C,ELIXR-B,SigLIP 400M",
Corner detection,Vision,FAST,
Word sense disambiguation,Language,"Automated WSD via WordNet,Vega v2",
Sentiment classification,Language,"Thumbs Up?,SciBERT,RNTN,AdaRNN,FinGPT-13B,ELMo,XLNet,Lyra-Fr 10B",
Periodic function approximation,Mathematics,Peephole LSTM,
Medical diagnosis,Medicine,"DIABETES,MedBERT,Decision tree adaline,HuatuoGPT,BiomedGPT (182M),Med-Gemini-M 1.5,Med-Gemini-3D,Med-Gemini-2D,improved U-Net for chest X-ray images segmentation,AMIE (Articulate Medical Intelligence Explorer),Derm Foundational Model,HuaTuo,SenseChat-Medical V4",
Pattern classification,Mathematics,"Innervator,MADALINE II,Ceramic-MLP,Gradient Boosting Machine,node2vec",
Triplet completion,Mathematics,Back-propagation,
Sequence memorization,Other,"Hopfield network,NTM",
Dimensionality reduction,Mathematics,Kohonen network,
Binary classification,Mathematics,"PAPA,Perceptron Mark I,Linear Decision Functions,Bankruptcy-NN,Gradient Boosting Machine,Tagging via Viterbi Decoding,GNN",
Pattern recognition,Vision,"ADALINE,Self Organizing System,Hierarchical Cognitron",
Morse translation,Language,Pandemonium (morse),
Protein or nucleotide language model (pLM/nLM),Biology,"Ankh_base,Ankh_large,CaLM,DNA Fine-Tuned Language Model (DFLM),DNABERT,ESM1-43M,ESM1-85M,ESM1-670M (UR50/D),ESM1-670M (UR50/S),ESM1-670M (UR100),ESM1b,ESM1v,ESM2-8M,ESM2-35M,GenSLM,gLM,HyenaDNA,MSA Transformer,Nucleotide Transformer,ProGen,ProGen2-xlarge,ProtBERT-BFD,ProteinLM,ProtT5-XXL,ProtT5-XXL-BFD,ProtGPT2,Rita-XLarge,TAPE Transformer,UDSMProt,UniRep,Vespa,Evo,ESM2-150M,ESM2-650M,ESM2-3B,ESM2-15B,xTrimoPGLM -100B,OntoProtein,AminoAcid-0,dnaGrinder,Protein-Mamba,RNA-DCGen,ProteinSetTransformer,ProtBFN,ProTrek,Protst,ProteinStructureTransformer,Structure-Informed Protein Language Model,PoET,ESM-AA,MULAN,PTM-Mamba,JURA Bio Model,scHyena,OmniGenome,ProtBERT-UniRef,CPCProt,Profile Prediction,PMLM-large,PLUS-RNN,CARP,SaProt,MLDD3UTRmRRNAS,Prothyena,Protllm,DiffPALM,LLPS,RoBERTa (PFAM),eFold,ProstT5,SI-PLM,ProteinMPNN,LBSTER,ERNIE-RNA,Uni-RNA-L8,DiscDiff,RNACG,ProSST,Lightweight Fine-tuning a Pretrained Protein Language Model for Protein Secondary,Prot2Token,Uni-RNA-L-24,Uni-RNA-L12,Uni-RNA-L16,Beyond ESM2: Graph-Enhanced Protein Sequence Modeling with Efficient,ESM-DBP,VespaG,DeepREAD,PepNet,RNA-MSM,SS-pLM,METL-Global,OmniNA,PARM,AMPLIFY,Evo 2 40B,Evo 2 7B,GPT-4b micro,LLaMA-7B (protein-oriented instruction-tuned),TxGemma 2B,TxGemma 9B,TxGemma 27B,ProGen2-base,AbLang (heavy sequences),BiRNA-BERT,Wu Dao - Wen Su",General-purpose protein or nucleotide language modeling
Protein pathogenicity prediction,Biology,"AlphaMissense,ESM1v,Eve,TranceptEve,Tranception",Predicting the pathogenicity of protein variants
Protein interaction prediction,Biology,"BERT-RBP,GGNN,LEP-AD,RoseTTAFold2-Lite,MuPIPR,DiffDock-PP,SYNTERACT,MsPBRsP,Boltz-1,Boltz-2,HelixFold3",
Protein inverse folding,Biology,"Fold2Seq,ProteinMPNN-DDG,ESMIF-DDG",
Visual puzzles,Vision,"Cube-Space AutoEncoder,o4-mini,o3,Claude Sonnet 4,Claude Opus 4,Kosmos-1",
Text summarization,Language,"LongT5,Subformer (96M),XVERSE-13B-2,Samsung Gauss Language,ADP-FAIRSEQ+NGRAMRES,VARCO LLM 2.0 small Finetuning,PanGu-α,Granite 13B,Cohere Command Light,Adaptive Inputs + LayerDrop,VLM-4,Unified-IO (XL),Lyra-Fr 10B,BiomedGPT (182M),YandexGPT 3,Llama 3.2 1B,Llama 3.2 3B,Amazon Titan Text Express,Amazon Titan Text Lite,Med-Gemini-M 1.5,Doubao-pro,Granite 3.0 8B,Granite 3.0 2B,NEC cotomi,Granite 3.2 2B ,Zamba2-7B,Pleias-RAG-1B,Pleias-RAG-350m,Gemini 2.5 Flash,Gemini 2.0 Flash,Hunyuan-TurboS,TeleChat-7B,TeleChat-3B,TeleChat-12B,Wu Dao Aquila-33B,TeleChat,TeleChat2-3B,TeleChat2-7B,TeleChat2-35B,Telechat2-115B,Orion Star (猎户星空大模型),Zhiwei (知微大模型),Sonar Deep Research",
Prediction of hospital stay duration,Medicine,MedBERT,
Prediction of diabetic heart failure (DHF),Medicine,MedBERT,
Prediction of onset of pancreatic cancer (PaCa),Medicine,MedBERT,
Audio question answering,"Audio,Speech","Qwen-Audio-Chat,ONE-PEACE,Phi-4-Multimodal,Typhoon2-Audio",
Voice identification,Speech,Qwen-Audio-Chat,
Audio classification,Audio,"Qwen-Audio-Chat,ONE-PEACE,Audioseal,DolphinGemma,Whale Bioacoustics Model,Bird Vocalization Classifier (Perch)",
Click-through rate prediction,Recommendation,"CTR-BERT,AdClickNet",
Mortality prediction,Medicine,"life2vec,BiomedGPT (182M),Med-Gemini-M 1.5",
Synthetic accessibility model,Biology,DeepSA,
Japanese language modeling,Language,"Fugaku-LLM,Takane,PolySphere-1",
Semantic search,Language,"Amazon Titan,Lyra-Fr 10B,ELIXR-C,ELIXR-B,SGPT BE 5.8B",
Table tasks,Other,"Table-GPT,GPT-4o,GPT-4 Turbo,YandexGPT 3,Gemini 2.0 Flash,Jamba 1.6 Mini,Jamba 1.6 Large",
Numerical simulation,Mathematics,Genetic algorithm,
Other Biological Modeling,Biology,"SACHS,LLaMA-7B (protein-oriented instruction-tuned)",
Search,Search,"RankNet,MEB,Semantic Hashing,HyperCLOVA X,o4-mini,o3,Sonar,Pleias-RAG-1B,Pleias-RAG-350m,Gemini 2.5 Flash,Gemini 2.0 Flash,Claude Sonnet 4,Claude Opus 4,Multitask Unified Model (MUM),Zhiwei (知微大模型),Sonar Pro,Sonar Reasoning Pro,Sonar Reasoning",
Miscellaneous image analysis,Vision,"Monocular Depth Prediction,Sparse coding model for V1 receptive fields,ANN Eye Tracker,Multi-cause Binary Clustering,Cognitron,Internal functionality of visual invariants,GPU DBNs",
Language Structure Modeling,Language,"Semantic Taxonomy Induction,SemVec,Ngram corpus,NLP from scratch,Word Representations,λ-WASP,FrameNet role labeling,LSTM with forget gates,Iterative Bootstrapping WSD,SRN-Encoded Grammatical Structures,Semi-Supervised Embedding for DL,Learnability theory of language development",
Text-to-speech,Speech,"tts-1,tts-1-hd,WaveNet,NETtalk reimplementation,Tacotron,Suno Bark Model,FastSpeech,BaiLing TTS,FastSpeech 2,Doubao Text-to-Speech Model,OuteTTS-0.1-350M,Typhoon2-Audio,E2 TTS,VALL-E,HAM-TTS",
Regression,Mathematics,"Gradient Boosting Machine,Futures trading net,Greedy layer-wise DNN training",
Robotic manipulation,Robotics,"Deep Deterministic Policy Gradients,QT-Opt,MetaMimic,OpenVLA,RT-2-X,PaLM-E,RoboCat,Rubik's cube ADR robot,PaLM-SayCan,STeLLA,RT-1,RT-2,RT-Trajectory,SARA-RT-2,RT-1 + AutoRT,1X World Model,π0 (pi-zero),Demostart (in progress),ALOHA Unleashed,RFM-1,Cosmos-1.0-
Diffusion-14B Video2World,Gato,Helix,Gemini Robotics,Octo-Base,Octo-Small,Gemini Robotics-ER,GR00T N1,RDT-1B,GR-2,π0.5 (pi-0.5),ManiGaussian,Dexterous In-Hand Manipulation [control policy]",
Neural Architecture Search - NAS,,"WeNet (WT2),WeNet (PTB),WeNet (Penn Treebank),LaNet-L (CIFAR-10),DARTS (second order) (PTB),BERT-Large-CAS (WT2),BERT-Large-CAS (WT103),DARTS,ENAS,Search-Proven Best LSTM,EfficientNetV2-XL,MnasNet-A1 + SSDLite,ProxylessNAS,BERT-Large-CAS (PTB+WT2+WT103),EN^2AS with performance reward,Amended-DARTS,NAS+ESS (156M),NAS+ESS (23M),NASv3 (CIFAR-10),NAS with base 8 and shared embeddings,Llama Nemotron Super 49B,Llama Nemotron Ultra 253B,Nemotron-H 47B,Llama Nemotron Nano 8B",
Animal (human/non-human) imitation,Robotics,"Walking Minotaur robot,Robot Parkour,Agile Soccer Robot,Humanoid Locomotion,ASE,CALM,1X World Model,Soccer Robot,Helix",
Protein contact and distance prediction,Biology,"DeepConPred2,DMPFold","Contact and distance prediction: Models such as DMPfold (Greener, 2019) and DeepConPred2 (Ding, 2018) exemplify this group. These models specialize in predicting the distances and contacts between amino acid residues within a protein. Such predictions are crucial for understanding protein folding mechanisms and for improving the accuracy of structure prediction models."
Mathematical simulation,Mathematics,Bayesian automated hyperparameter tuning,
System control,,"Heuristic Reinforcement Learning,TD(0),Q-learning,Computer-Using Agent (CUA),GPT-4.1,GPT-4.1 mini,GPT-4.1 nano,Amazon Nova Act,Claude Sonnet 4,Claude Opus 4,Fuyu-Heavy,Devstral,Amazon Nova Premier",
Stratego,Games,DeepNash,Stratego is a strategy board game for two players on a board of 10×10 squares. 
Cloud monitoring / analysis,Earth science,Prithvi-100M,
Flood Mapping,Earth science,Prithvi-100M,
Wildfire Mapping,Earth science,Prithvi-100M,
Crop Mapping / Segmentation,Earth science,Prithvi-100M,
Crystal discovery,Materials science,"GNoME for crystal discovery,GenMS,MatterGen",
Cell segmentation,"Biology,Vision",VISTA-2D,
Route finding,,Q-learning,
Pokemon battles,Games,POKE´LLMON,
Geometry,Mathematics,"AlphaGeometry 2,AlphaGeometry",
Sports,Robotics,"Agile Soccer Robot,Table Tennis Agent,Soccer Robot",Playing/performing physical sports
Protein-RNA binding affinity prediction,Biology,CoPRA,
Molecular screening,Biology,DrugCLIP,
RNA structure prediction,Biology,"RiNALMo,ProtRNA,MoEFold2D,RNA-FM,RNAformer,RNADiffFold,Machine learning a model for RNA structure prediction",
RNA splice-site prediction,Biology,RiNALMo,
Mean ribosome load prediction,Biology,"RiNALMo,ProtRNA",
RNA-Protein interaction prediction,Biology,"ProtRNA,HelixFold3",
RNA sequence generation,Biology,"RNAdiffusion,RNA-DCGen",
Allergenic Protein Prediction,Biology,PreAlgPro,
Protein question answering,Biology,"ProtChatGPT,ProtT3,ProLLaMA, Tulu 3 (Tülu 3) 70B,LLaMA-7B (protein-oriented instruction-tuned),TxGemma 2B,TxGemma 9B,TxGemma 27B",
Protein localization prediction,Biology,"CELLE-2,STEPS",
Protein classification,Biology,"CRL,STEPS,HaloClass,ProtENN2",
Protein-ligand binding affinity prediction,Biology,"CRL,CPAC,DiffBindFR,Yuel 2,PLAPT,MBP,DTI-LM,EnOpt,MMAPLE,LEGO,DFMDock,BiosimDock,Deep Learning Enabled Discovery of Kinase Drug Targets in Pharos,Boltz-2,KinoML",
Protein structure similarity prediction,Biology,CRL,
Enzyme-catalyzed reaction classification,Biology,STEPS,
Protein property prediction,Biology,"LM-GVP,MahLool,VespaG,PLTNUM,pKALM,DrugTar,AFP-Deep,TxGemma 2B,TxGemma 9B,TxGemma 27B,EvolMPNN",
Protein function prediction,Biology,"DeepFRI,GearNet,ESM-GearNet,ProteinChat,PDFII,TAWFN,ProTeM,Importance of higher-order epistasis in large protein sequence-function relationships,SPOT,DualNetGO,TransFew,TxGemma 2B,TxGemma 9B,TxGemma 27B",
Protein design,Biology,"HJRSS,Genesis,SCUBA-D,LM-Design,FoldFlow2,P-LLama3,ProteinMPNN,OPUS-Design,ProteinSGM,PepPrCLIP,EvoBind2,PepGLAD,ProteinReDiff,µFormer,GearBind,ProtSSN,Pro-PRIME,DiffForce,CPDiffusion,AbGPT,Text2Protein,GeoSeqBuilder,IgGM,Thermostable protein design,GeoAB,PPFlow,BetterBodies,PepNet,Loop-Diffusion,PocketFlow,BindCraft,EnzymeFlow,METL-Global,NAEPro,Improved motif-scaffolding with SE(3) flow matching,Genie-SCOPe (bio),AFP-Deep,ALICE,P-Llama2,P-LLama3,P-gemma,P-Mistral,PepINVENT,HelixFold3",
Protein structure comparison,Biology,"GraSR,Boltz-1",
Protein-ligand contact prediction,Biology,"CPAC,DiffBindFR,Re-Dock,UdanDTI,PocketGen,CrossBind,GraphMS,FABind,Uni-Mol Molecular Model,Boltz-1",
Protein embedding,Biology,"SSA,MTDP,CaLM",
Protein fold classification,Biology,GearNet,
Protein representation learning,Biology,"KeAP,MASSA,ProteinINR,ProBERTa",
Nucleotide generation,Biology,"MLDD3UTRmRRNAS,PARM",
Enzyme function prediction,Biology,"CLEAN-Contact,GraphEC,HiFi - NN",
Molecular simulation,Materials science,"SO3LR,MACE-MP-0,Mdgen,M3GNet,MatterSim (M3GNet - MatterSim-v1.0.0-5M),MatterSim (Grpaphomer),GemNet-OC ,GemNet-T (OC20),MP4",
Antibody property prediction,Biology,"PROPERMAB,AbLang (heavy sequences)",
Small molecule property prediction,Materials science,"MolPath,TxGemma 2B,TxGemma 9B,TxGemma 27B",
Chip design,Other,AlphaChip,
RNA design,Biology,"RNA-FrameFlow,RiboDiffusion,RiboCode,sgRNAGen",
Protein nucleotide interaction prediction,Biology,"CLAPE-DB,ESM-NBR,HelixFold3",
Mutation prediction,Biology,"RNA language models predict mutations that improve RNA function,EvolMPNN,SAAMBE-MEM,DDGemb,EITLEM-Kinetics,AlphaMut",
Gene expression profile generation,Biology,"DDPM,DDIM,EPInformer,Deep-LDA",
Doom,Games,GameNGen,
Cell Biology,Biology,"RENNAISSANCE,MolPhenix,Deep-LDA",
Protein protein binding affinity prediction,Biology,"AntiFormer,SAAMBE-MEM",
Drug Sensitivity Prediction,Biology,DrugFormer,
Cancer diagnosis,Medicine,"CHIEF,Derm Foundational Model",
Gene expression enhancement,Biology,Integrating Deep Learning and Synthetic Biology: A Co-Design Approach for Enhancing Gene Expression via N-Terminal Coding Sequences,
Molecular representation learning,Materials science,"MolMVC,Uni-Mol Molecular Model,GemNet-OC ,GemNet-T (OC20)",
Protein stability prediction,Biology,"DDGemb,EGNN",
Antibody epitope prediction,Biology,EpiScan,
Spatial Transcriptomics,Biology,"Novae,stFormer",
Codon optimization,Biology,CodonTransformer,
Immunogenic Neoantigen Prediction,Biology,NeoaPred,
Human physiology,"Biology,Medicine",McMLP,
Bacteriophage screening,Biology,Jaeger,
Molecular property prediction,Materials science,"KnoMol,GPT-MolBERTa,MEGNet (molecule model),MEGNet (crystal formation energy model),MEGNet (crystal band gap model),MEGNet (crystal elasticity model),Uni-Mol Molecular Model,ChemBERTa,GemNet-OC ,GemNet-T (OC20)",
Codon design,Biology,CodonMPNN,
Toxin prediction,Biology,ConoDL,
Plasmid Design,Biology,PlasmidGPT,
Retrieval-augmented generation,Language,"Amazon Nova Lite,Amazon Nova Micro,Pleias-RAG-1B,Pleias-RAG-350m,Claude Sonnet 4,Claude Opus 4,Jamba 1.6 Mini,Jamba 1.6 Large,Amazon Nova Premier,Amazon Nova Pro",
Game of 24 (24 puzzle),Games,Intelligent Go-Explore (IGE),
Atomistic simulations,Materials science,"MatterSim (M3GNet - MatterSim-v1.0.0-5M),M3GNet,MatterSim (Grpaphomer),GemNet-OC ,GemNet-T (OC20)",
Protein-DNA binding prediction,Biology,BTFBS,
Cell-cell interaction prediction,Biology,"GITIII,Deep-LDA",
Transcriptomic prediction,Biology,"PrePR-CT,Deep learning linking mechanistic models to single-cell transcriptomics data reveals transcriptional bursting in response to DNA damage",
Cryo-EM image reconstruction,Biology,"DRGN-AI,CryoChains,CryoDRGN",
Virus-host association prediction,Biology,EvoMIL,
Enzyme substrate pair prediction,Biology,CLR_ESP,
Signal peptide prediction,Biology,SignalP 6.0,
Materials design,Materials science,"MatterGen,PFP,GemNet-OC ",
Portrait animation,Video,X-Portrait,
Mathematical reasoning,"Mathematics,Language","INTELLECT-MATH,Mathstral,k0-math,ERNIE x1 (文心大模型X1),Llemma 34B,Llemma 7B,OREAL 7B,Eurus-2-7B-PRIME,OREAL 32B,Deephermes 3 Llama 3 8B Preview,Granite 3.2 8B,Granite Vision 3.2 2B,Granite 3.2 2B ,Qwen2.5-Math-1.5B,DeepSeek-R1-Distill-Qwen-1.5B,DeepSeek-R1-Distill-Qwen-14B,Qwen3-0.6B,Qwen3-1.7B,Qwen3-4B,Qwen3-8B,Qwen3-14B,Qwen3-32B,Qwen3-30B-A3B,Qwen3-235B-A22B,Phi-4-Reasoning,Phi-4-Reasoning-plus,DeepSeek-Prover-V2-671B,DeepSeek-Prover-V2-7B,Claude Sonnet 4,Claude Opus 4,s1-32B,rStar-Math(Qwen2.5-Math-7B base),rStar-Math(Qwen2-Math-7B base),s1.1",
Aerodynamics simulations,3D modeling,"SHIFT-SUV,DoMINO",
Image-to-video,"Video,Vision","Kling 2.0 Video Generation,Gen-4 Turbo,Amazon Nova Reel,Gen-4,Hailuo I2V-01-Director,Pika 2.2,OmniHuman-1,Goku+,Kling 1.6 Pro,Hailuo I2V-01-Live,Wan 2.1 14B,Vidu 1.5,Firefly Video,Movie Gen Video,PixelDance,Kling 1.5 Pro,MiniMax Video-01,Gen-3 Alpha Turbo,Gen-3 Alpha,Luma Dream Machine,Kling,Veo,Genie,Sora,Lumiere,VideoCrafter2,VideoPoet,Stable Video Diffusion,Emu3,Animate Anyone,Animate Anyone 2,HiDream Foundation Model 3.0,HiDream Foundation Model 1.0,Veo 3,Veo 2,Gen-2,X-Portrait,Seaweed-7B",
Video-to-video,Video,"Kling 2.0 Video Generation,Sora,VideoPoet,Emu3,Animate Anyone 2,Gen-2",
Text-to-video,Video,"Kling 2.0 Video Generation,Amazon Nova Reel,Gen-4,Hailuo T2V-01-Director,Pika 2.2,Step-Video-T2V,Goku+,Goku-8B,Luma Ray2,Kling 1.6 Pro,Veo 2,Genie 2,Hunyuan Video,Mochi 1,Allegro,Pika 1.5,T2V-Turbo-v2,Pyramid Flow,Vidu 1.5,Firefly Video,CogVideoX,Movie Gen Video,ByteDance Seaweed,PixelDance,Kling 1.5 Pro,MiniMax Video-01,Gen-3 Alpha,Luma Dream Machine,Kling,Veo,Vidu,Genie,Sora Turbo,Sora,Lumiere,VideoCrafter2,VideoPoet,Stable Video Diffusion,Show-1,Gen-2,Gen-1,Imagen Video,Phenaki,Make-A-Video,CogVideo,NÜWA,Emu3,W.A.L.T,HiDream Foundation Model 3.0,HiDream Foundation Model 1.0,Veo 3,Seaweed-7B",
Speech-to-text,Speech,"SaudiTech,Amazon Nova Sonic",
Financial management,,Drahim PFM AI,
Video editing,,"Xunguang ,Magic LLM (魔法大模型)",
